"";"activated.genes";"repressed.genes";"DEGs"
"1";"AT1G33960";"AT5G06290";"AT1G33960"
"2";"AT1G19610";"AT3G27690";"AT1G19610"
"3";"AT1G68290";"AT4G34410";"AT1G68290"
"4";"AT2G33380";"AT3G11630";"AT2G33380"
"5";"AT3G50770";"AT1G12610";"AT3G50770"
"6";"ATCG00065";"AT2G34430";"ATCG00065"
"7";"AT3G21720";"AT5G38420";"AT3G21720"
"8";"AT2G38530";"AT3G01500";"AT2G38530"
"9";"AT5G55450";"AT1G33760";"AT5G55450"
"10";"AT2G18660";"AT1G30135";"AT2G18660"
"11";"AT4G28140";"AT1G80840";"AT4G28140"
"12";"AT3G57260";"AT4G31940";"AT3G57260"
"13";"AT2G47780";"AT3G05945";"AT2G47780"
"14";"AT2G43510";"AT2G34600";"AT2G43510"
"15";"AT2G02990";"AT1G29920";"AT2G02990"
"16";"AT1G05680";"AT5G38430";"AT1G05680"
"17";"AT2G37870";"AT5G45340";"AT2G37870"
"18";"AT3G47480";"AT5G38410";"AT3G47480"
"19";"AT5G47330";"AT1G65390";"AT5G47330"
"20";"AT4G35720";"AT1G29910";"AT4G35720"
"21";"ATCG00660";"AT5G54270";"ATCG00660"
"22";"AT3G59940";"AT5G52020";"AT3G59940"
"23";"AT4G37990";"AT2G44840";"AT4G37990"
"24";"AT5G10760";"AT3G54890";"AT5G10760"
"25";"AT2G20880";"AT1G72520";"AT2G20880"
"26";"AT4G11890";"AT2G05070";"AT4G11890"
"27";"AT4G04125";"AT2G05100";"AT4G04125"
"28";"AT1G26770";"AT1G76650";"AT1G26770"
"29";"AT5G14180";"AT5G51720";"AT5G14180"
"30";"AT1G61800";"AT3G48520";"AT1G61800"
"31";"AT1G02930";"AT3G08940";"AT1G02930"
"32";"AT5G24660";"AT3G44870";"AT5G24660"
"33";"AT1G07985";"AT1G21500";"AT1G07985"
"34";"AT2G29350";"AT4G29780";"AT2G29350"
"35";"AT4G33467";"AT5G48490";"AT4G33467"
"36";"AT4G37095";"AT2G25460";"AT4G37095"
"37";"AT5G01815";"AT5G28630";"AT5G01815"
"38";"AT5G57240";"AT4G24570";"AT5G57240"
"39";"AT1G43910";"AT3G16670";"AT1G43910"
"40";"AT2G21640";"AT3G47470";"AT2G21640"
"41";"AT2G17040";"AT1G52230";"AT2G17040"
"42";"AT1G52400";"AT2G08665";"AT1G52400"
"43";"AT5G24200";"AT3G63140";"AT5G24200"
"44";"AT3G49580";"AT5G38700";"AT3G49580"
"45";"AT1G65500";"AT1G35140";"AT1G65500"
"46";"AT3G05640";"AT2G24600";"AT3G05640"
"47";"AT1G21520";"AT5G41740";"AT1G21520"
"48";"AT2G18050";"AT5G52050";"AT2G18050"
"49";"AT4G12490";"AT2G39730";"AT4G12490"
"50";"AT5G24770";"AT1G66090";"AT5G24770"
"51";"AT3G49570";"AT4G26530";"AT3G49570"
"52";"AT5G25190";"AT1G03130";"AT5G25190"
"53";"AT5G48850";"AT1G67090";"AT5G48850"
"54";"AT4G34250";"AT1G15820";"AT4G34250"
"55";"AT5G13210";"AT2G27690";"AT5G13210"
"56";"AT4G28520";"AT1G28480";"AT4G28520"
"57";"AT1G17960";"AT1G09340";"AT1G17960"
"58";"AT5G66400";"AT4G05180";"AT5G66400"
"59";"AT1G52690";"AT1G55670";"AT1G52690"
"60";"ATCG01170";"AT1G07135";"ATCG01170"
"61";"ATCG00960";"AT1G74930";"ATCG00960"
"62";"AT1G70440";"AT1G19770";"AT1G70440"
"63";"AT5G03860";"AT1G72610";"AT5G03860"
"64";"AT2G23110";"AT2G35930";"AT2G23110"
"65";"AT3G51660";"AT3G01550";"AT3G51660"
"66";"AT2G29460";"AT4G10340";"AT2G29460"
"67";"AT5G20150";"AT1G31330";"AT5G20150"
"68";"AT1G56600";"AT3G12900";"AT1G56600"
"69";"AT5G44120";"AT5G14740";"AT5G44120"
"70";"AT1G72070";"AT2G10940";"AT1G72070"
"71";"AT1G30170";"AT4G19530";"AT1G30170"
"72";"AT4G23680";"AT3G55980";"AT4G23680"
"73";"AT2G03855";"AT5G21430";"AT2G03855"
"74";"AT2G45680";"AT2G46820";"AT2G45680"
"75";"ATCG00650";"AT1G50750";"ATCG00650"
"76";"AT1G67105";"AT3G55800";"AT1G67105"
"77";"AT1G08847";"AT1G61520";"AT1G08847"
"78";"AT5G17220";"AT1G63030";"AT5G17220"
"79";"AT5G42800";"AT3G21055";"AT5G42800"
"80";"AT1G01680";"AT4G12800";"AT1G01680"
"81";"AT5G09520";"AT1G18300";"AT5G09520"
"82";"AT2G37770";"AT3G16860";"AT2G37770"
"83";"AT5G59780";"AT4G11280";"AT5G59780"
"84";"AT3G44300";"AT5G62520";"AT3G44300"
"85";"AT3G06345";"AT4G28750";"AT3G06345"
"86";"AT1G08830";"AT1G32080";"AT1G08830"
"87";"AT3G09390";"AT1G44575";"AT3G09390"
"88";"AT3G29035";"AT1G08380";"AT3G29035"
"89";"AT2G02850";"AT1G30380";"AT2G02850"
"90";"AT1G36180";"AT1G09950";"AT1G36180"
"91";"AT1G64660";"AT3G07195";"AT1G64660"
"92";"AT1G02850";"AT5G01015";"AT1G02850"
"93";"AT4G33550";"AT1G70760";"AT4G33550"
"94";"AT1G48660";"AT1G32060";"AT1G48660"
"95";"AT1G33790";"AT1G56240";"AT1G33790"
"96";"ATCG00640";"AT1G76640";"ATCG00640"
"97";"AT3G50440";"AT2G25735";"AT3G50440"
"98";"AT1G44130";"AT5G17350";"AT1G44130"
"99";"AT5G67060";"AT1G17420";"AT5G67060"
"100";"AT5G39050";"AT3G62410";"AT5G39050"
"101";"AT2G01610";"AT4G17490";"AT2G01610"
"102";"AT5G13320";"AT3G54050";"AT5G13320"
"103";"AT2G18193";"AT1G20510";"AT2G18193"
"104";"AT1G57630";"AT3G16140";"AT1G57630"
"105";"AT1G45616";"AT4G02770";"AT1G45616"
"106";"AT3G63210";"AT4G12830";"AT3G63210"
"107";"ATCG00670";"AT1G29930";"ATCG00670"
"108";"AT4G29190";"AT1G73870";"AT4G29190"
"109";"AT3G43270";"AT1G12900";"AT3G43270"
"110";"AT4G23210";"AT3G02840";"AT4G23210"
"111";"AT1G15415";"AT1G19150";"AT1G15415"
"112";"AT4G33610";"AT1G60950";"AT4G33610"
"113";"AT2G05510";"AT3G01440";"AT2G05510"
"114";"AT5G05340";"AT1G20340";"AT5G05340"
"115";"AT5G22500";"AT4G27654";"AT5G22500"
"116";"AT2G05380";"AT1G51400";"AT2G05380"
"117";"AT4G20320";"AT1G76600";"AT4G20320"
"118";"AT2G42540";"AT1G01580";"AT2G42540"
"119";"AT5G05220";"AT5G23060";"AT5G05220"
"120";"AT1G55990";"AT4G21870";"AT1G55990"
"121";"AT3G08860";"AT2G17660";"AT3G08860"
"122";"AT5G59390";"AT3G61190";"AT5G59390"
"123";"AT4G39830";"AT4G25470";"AT4G39830"
"124";"AT5G17760";"AT3G01830";"AT5G17760"
"125";"AT2G43530";"AT4G08950";"AT2G43530"
"126";"AT1G69870";"AT1G57990";"AT1G69870"
"127";"AT4G25000";"AT1G06680";"AT4G25000"
"128";"AT3G28220";"AT4G21280";"AT3G28220"
"129";"AT1G12064";"AT3G09870";"AT1G12064"
"130";"AT5G41761";"AT2G22760";"AT5G41761"
"131";"AT3G55130";"AT3G20600";"AT3G55130"
"132";"AT5G03350";"AT4G38970";"AT5G03350"
"133";"AT5G53980";"AT5G64040";"AT5G53980"
"134";"AT4G22880";"AT4G37925";"AT4G22880"
"135";"AT3G02040";"AT3G45960";"AT3G02040"
"136";"AT1G52000";"AT4G01950";"AT1G52000"
"137";"AT1G52890";"AT1G67740";"AT1G52890"
"138";"AT1G02920";"AT1G14150";"AT1G02920"
"139";"AT2G43570";"AT5G28610";"AT2G43570"
"140";"AT1G05523";"AT3G50820";"AT1G05523"
"141";"AT2G08735";"AT1G56660";"AT2G08735"
"142";"AT5G37670";"AT5G11070";"AT5G37670"
"143";"AT1G02940";"AT2G06520";"AT1G02940"
"144";"AT5G09530";"AT1G27730";"AT5G09530"
"145";"AT2G31980";"AT2G21330";"AT2G31980"
"146";"AT5G40420";"AT3G44260";"AT5G40420"
"147";"AT2G31865";"AT3G61470";"AT2G31865"
"148";"AT3G22970";"AT5G36790";"AT3G22970"
"149";"AT5G24280";"AT5G36700";"AT5G24280"
"150";"AT2G34610";"AT3G04210";"AT2G34610"
"151";"AT5G58570";"AT5G56080";"AT5G58570"
"152";"AT5G42530";"AT1G72416";"AT5G42530"
"153";"AT3G01600";"AT2G39470";"AT3G01600"
"154";"AT1G10370";"AT5G28450";"AT1G10370"
"155";"AT2G32680";"AT2G30570";"AT2G32680"
"156";"AT3G49120";"AT3G05727";"AT3G49120"
"157";"AT2G20800";"AT2G42760";"AT2G20800"
"158";"AT3G17790";"AT1G76100";"AT3G17790"
"159";"AT5G53190";"AT3G44860";"AT5G53190"
"160";"AT3G04300";"AT2G34620";"AT3G04300"
"161";"AT4G25140";"AT5G22250";"AT4G25140"
"162";"AT1G76590";"AT3G59400";"AT1G76590"
"163";"AT5G25260";"AT3G45640";"AT5G25260"
"164";"AT2G48140";"AT5G19240";"AT2G48140"
"165";"AT2G22200";"AT1G18730";"AT2G22200"
"166";"ATCG00010";"AT4G27280";"ATCG00010"
"167";"AT5G17860";"AT1G72920";"AT5G17860"
"168";"AT3G18610";"AT5G35630";"AT3G18610"
"169";"AT2G39330";"AT2G29290";"AT2G39330"
"170";"AT1G29640";"AT2G38470";"AT1G29640"
"171";"AT2G30750";"AT3G56940";"AT2G30750"
"172";"AT5G06870";"AT4G37930";"AT5G06870"
"173";"AT5G15970";"AT3G46780";"AT5G15970"
"174";"AT4G05380";"AT1G07887";"AT4G05380"
"175";"AT5G43840";"AT2G41010";"AT5G43840"
"176";"AT3G28580";"AT3G18890";"AT3G28580"
"177";"AT1G26560";"AT3G47070";"AT1G26560"
"178";"AT3G28300";"AT3G48420";"AT3G28300"
"179";"AT1G22640";"AT1G14345";"AT1G22640"
"180";"AT3G28290";"AT3G50060";"AT3G28290"
"181";"AT4G11650";"AT4G13500";"AT4G11650"
"182";"AT5G54060";"AT3G27540";"AT5G54060"
"183";"ATCG00890";"AT1G73540";"ATCG00890"
"184";"ATCG01250";"AT4G34150";"ATCG01250"
"185";"AT1G04770";"AT3G63160";"AT1G04770"
"186";"AT5G43980";"AT1G15980";"AT5G43980"
"187";"AT2G44290";"AT4G09650";"AT2G44290"
"188";"AT2G04050";"AT3G02730";"AT2G04050"
"189";"AT4G10910";"AT4G13395";"AT4G10910"
"190";"AT2G46680";"AT2G30020";"AT2G46680"
"191";"AT5G53230";"AT1G55480";"AT5G53230"
"192";"AT5G66052";"AT4G18205";"AT5G66052"
"193";"AT4G33930";"AT4G33010";"AT4G33930"
"194";"AT1G47510";"AT1G11185";"AT1G47510"
"195";"AT3G50400";"AT4G09010";"AT3G50400"
"196";"AT3G03640";"AT1G70985";"AT3G03640"
"197";"AT4G27160";"AT4G01250";"AT4G27160"
"198";"AT5G03230";"AT1G74880";"AT5G03230"
"199";"AT5G26220";"AT5G66570";"AT5G26220"
"200";"AT1G35710";"AT1G74450";"AT1G35710"
"201";"AT2G43620";"AT4G03280";"AT2G43620"
"202";"AT2G38340";"AT2G04039";"AT2G38340"
"203";"AT1G35230";"AT2G36650";"AT1G35230"
"204";"AT3G11640";"AT4G19690";"AT3G11640"
"205";"AT5G15960";"AT5G58260";"AT5G15960"
"206";"ATCG00360";"AT5G01040";"ATCG00360"
"207";"AT1G73260";"AT5G02780";"AT1G73260"
"208";"AT2G02010";"AT2G45180";"AT2G02010"
"209";"AT2G44460";"AT3G14420";"AT2G44460"
"210";"AT4G02700";"AT5G13630";"AT4G02700"
"211";"AT4G18253";"AT5G43890";"AT4G18253"
"212";"AT5G02020";"AT1G42970";"AT5G02020"
"213";"AT3G58270";"AT2G35710";"AT3G58270"
"214";"AT1G21250";"AT5G01530";"AT1G21250"
"215";"AT5G11410";"AT4G39710";"AT5G11410"
"216";"AT2G23010";"AT4G25100";"AT2G23010"
"217";"ATCG00020";"AT4G25490";"ATCG00020"
"218";"AT1G10070";"AT1G32470";"AT1G10070"
"219";"AT1G04647";"AT5G57560";"AT1G04647"
"220";"AT3G13080";"AT5G64850";"AT3G13080"
"221";"AT5G13580";"AT1G77640";"AT5G13580"
"222";"AT2G04450";"AT3G22275";"AT2G04450"
"223";"AT3G44970";"AT4G35985";"AT3G44970"
"224";"AT5G55050";"AT5G47910";"AT5G55050"
"225";"AT3G60415";"AT2G26530";"AT3G60415"
"226";"AT4G03420";"AT1G69900";"AT4G03420"
"227";"AT5G51465";"AT5G58310";"AT5G51465"
"228";"AT3G50980";"AT4G27652";"AT3G50980"
"229";"AT2G28190";"AT2G45685";"AT2G28190"
"230";"AT2G02930";"AT3G14210";"AT2G02930"
"231";"AT2G46690";"AT4G04640";"AT2G46690"
"232";"AT4G36610";"AT3G55330";"AT4G36610"
"233";"AT5G52310";"AT1G66940";"AT5G52310"
"234";"AT1G19530";"AT4G22505";"AT1G19530"
"235";"AT1G73600";"AT3G46900";"AT1G73600"
"236";"AT1G52040";"AT5G22570";"AT1G52040"
"237";"AT2G43535";"AT4G08040";"AT2G43535"
"238";"AT2G45570";"AT2G41640";"AT2G45570"
"239";"AT5G16010";"AT1G03600";"AT5G16010"
"240";"AT1G21360";"AT3G04790";"AT1G21360"
"241";"AT4G02280";"AT1G68010";"AT4G02280"
"242";"AT3G51860";"AT4G23290";"AT3G51860"
"243";"AT4G07815";"AT4G01360";"AT4G07815"
"244";"AT2G42065";"AT2G01180";"AT2G42065"
"245";"AT4G14365";"AT5G24590";"AT4G14365"
"246";"AT3G41762";"AT3G16250";"AT3G41762"
"247";"AT2G40170";"AT5G66190";"AT2G40170"
"248";"AT5G12420";"AT1G75690";"AT5G12420"
"249";"AT4G13540";"AT3G52450";"AT4G13540"
"250";"AT5G03585";"AT3G50800";"AT5G03585"
"251";"AT4G39320";"AT4G15150";"AT4G39320"
"252";"AT3G02505";"AT4G39970";"AT3G02505"
"253";"AT2G32190";"AT5G42380";"AT2G32190"
"254";"AT2G21820";"AT3G10060";"AT2G21820"
"255";"AT3G57460";"AT4G24110";"AT3G57460"
"256";"AT4G01026";"AT3G54020";"AT4G01026"
"257";"AT5G54165";"AT2G41240";"AT5G54165"
"258";"AT1G14780";"AT1G20020";"AT1G14780"
"259";"AT1G52410";"AT4G04075";"AT1G52410"
"260";"AT3G10190";"AT2G18210";"AT3G10190"
"261";"AT3G29590";"AT4G32260";"AT3G29590"
"262";"AT1G13990";"AT2G20260";"AT1G13990"
"263";"AT5G38020";"AT1G72910";"AT5G38020"
"264";"AT4G18170";"AT1G75460";"AT4G18170"
"265";"AT4G39360";"AT4G25050";"AT4G39360"
"266";"AT3G53040";"AT1G79040";"AT3G53040"
"267";"AT1G54020";"AT5G62360";"AT1G54020"
"268";"AT5G59220";"AT3G55500";"AT5G59220"
"269";"AT3G53980";"AT4G22890";"AT3G53980"
"270";"AT4G14090";"AT1G68840";"AT4G14090"
"271";"AT5G25350";"AT4G35250";"AT5G25350"
"272";"AT3G55970";"AT1G32970";"AT3G55970"
"273";"AT4G31330";"AT5G13770";"AT4G31330"
"274";"AT4G17660";"AT5G45820";"AT4G17660"
"275";"AT1G32870";"AT2G42220";"AT1G32870"
"276";"AT2G18969";"AT5G47220";"AT2G18969"
"277";"AT4G22960";"AT1G11960";"AT4G22960"
"278";"AT1G50420";"AT5G66210";"AT1G50420"
"279";"AT2G35300";"AT5G45110";"AT2G35300"
"280";"ATCG00905";"AT3G14415";"ATCG00905"
"281";"ATCG01230";"AT5G04375";"ATCG01230"
"282";"AT1G14630";"AT4G28660";"AT1G14630"
"283";"AT1G80160";"AT3G46090";"AT1G80160"
"284";"AT4G03540";"AT5G67370";"AT4G03540"
"285";"AT5G48110";"AT5G64900";"AT5G48110"
"286";"AT2G25510";"AT3G57530";"AT2G25510"
"287";"AT5G52900";"AT5G12340";"AT5G52900"
"288";"AT2G43340";"AT3G21150";"AT2G43340"
"289";"AT1G69880";"AT3G26060";"AT1G69880"
"290";"AT3G01970";"AT1G20823";"AT3G01970"
"291";"AT4G05100";"AT3G01480";"AT4G05100"
"292";"AT1G14890";"AT3G05730";"AT1G14890"
"293";"AT1G22990";"AT2G28780";"AT1G22990"
"294";"AT1G73190";"AT1G56250";"AT1G73190"
"295";"AT1G52100";"AT4G28080";"AT1G52100"
"296";"AT3G16450";"AT5G43650";"AT3G16450"
"297";"AT3G46670";"AT3G19240";"AT3G46670"
"298";"AT2G30140";"AT4G24380";"AT2G30140"
"299";"AT3G29575";"AT5G02540";"AT3G29575"
"300";"AT3G14620";"AT3G23250";"AT3G14620"
"301";"AT2G39800";"AT5G09660";"AT2G39800"
"302";"AT3G23120";"AT3G11110";"AT3G23120"
"303";"AT4G17470";"AT1G20310";"AT4G17470"
"304";"AT2G47770";"AT4G21840";"AT2G47770"
"305";"AT5G61820";"AT4G24930";"AT5G61820"
"306";"AT1G26800";"AT5G19940";"AT1G26800"
"307";"AT5G41763";"AT3G52800";"AT5G41763"
"308";"AT1G13360";"AT4G32800";"AT1G13360"
"309";"AT1G72570";"AT2G22500";"AT1G72570"
"310";"AT3G25640";"AT1G32920";"AT3G25640"
"311";"AT3G48700";"AT5G02160";"AT3G48700"
"312";"AT5G10380";"AT5G45680";"AT5G10380"
"313";"AT3G10450";"AT4G22513";"AT3G10450"
"314";"AT3G61920";"AT2G17840";"AT3G61920"
"315";"AT1G23150";"AT3G12780";"AT1G23150"
"316";"AT3G21370";"AT5G07020";"AT3G21370"
"317";"AT1G54010";"AT4G22517";"AT1G54010"
"318";"AT3G21090";"AT4G01150";"AT3G21090"
"319";"AT4G16190";"AT3G59780";"AT4G16190"
"320";"AT1G52030";"AT5G63160";"AT1G52030"
"321";"AT5G62490";"AT2G27080";"AT5G62490"
"322";"AT2G36590";"AT2G35290";"AT2G36590"
"323";"AT1G14930";"AT1G77490";"AT1G14930"
"324";"AT5G20230";"AT4G26200";"AT5G20230"
"325";"AT4G09820";"AT3G56090";"AT4G09820"
"326";"AT5G07330";"AT2G36145";"AT5G07330"
"327";"AT1G48130";"AT4G33920";"AT1G48130"
"328";"AT1G35290";"AT1G03680";"AT1G35290"
"329";"AT3G61198";"AT3G62150";"AT3G61198"
"330";"AT5G50335";"AT3G19480";"AT5G50335"
"331";"AT5G15290";"AT1G65230";"AT5G15290"
"332";"AT1G03850";"AT1G76080";"AT1G03850"
"333";"AT1G72680";"AT4G22485";"AT1G72680"
"334";"AT1G01560";"AT5G36925";"AT1G01560"
"335";"AT4G09135";"AT1G11740";"AT4G09135"
"336";"AT1G30660";"AT1G11860";"AT1G30660"
"337";"AT2G04240";"AT2G01590";"AT2G04240"
"338";"AT2G37750";"AT2G26190";"AT2G37750"
"339";"AT3G17520";"AT1G54780";"AT3G17520"
"340";"AT3G09275";"AT1G24260";"AT3G09275"
"341";"AT3G14700";"AT5G02120";"AT3G14700"
"342";"AT2G47180";"AT4G27700";"AT2G47180"
"343";"AT2G18190";"AT2G13360";"AT2G18190"
"344";"AT1G12520";"AT3G48310";"AT1G12520"
"345";"AT2G38250";"AT5G17230";"AT2G38250"
"346";"AT4G39510";"AT1G75000";"AT4G39510"
"347";"AT1G76960";"AT2G32140";"AT1G76960"
"348";"AT4G39500";"AT1G21140";"AT4G39500"
"349";"AT2G16005";"AT1G44446";"AT2G16005"
"350";"AT4G15530";"AT1G22690";"AT4G15530"
"351";"AT3G16470";"AT4G17090";"AT3G16470"
"352";"AT5G62920";"AT1G05575";"AT5G62920"
"353";"AT5G47450";"AT1G52220";"AT5G47450"
"354";"AT3G48920";"AT1G61890";"AT3G48920"
"355";"AT3G45680";"AT1G34000";"AT3G45680"
"356";"AT4G14620";"AT1G74950";"AT4G14620"
"357";"AT5G13900";"AT4G01050";"AT5G13900"
"358";"AT5G58610";"AT2G01300";"AT5G58610"
"359";"AT4G23700";"AT1G02400";"AT4G23700"
"360";"AT2G07335";"AT2G41105";"AT2G07335"
"361";"AT4G19700";"AT2G41990";"AT4G19700"
"362";"AT4G03320";"AT1G70090";"AT4G03320"
"363";"AT4G35640";"AT5G47230";"AT4G35640"
"364";"AT2G03020";"AT5G39530";"AT2G03020"
"365";"AT2G04965";"AT1G04800";"AT2G04965"
"366";"AT3G59220";"AT3G61870";"AT3G59220"
"367";"AT3G15720";"AT1G18740";"AT3G15720"
"368";"AT4G37150";"AT3G04640";"AT4G37150"
"369";"AT1G77680";"AT4G27030";"AT1G77680"
"370";"AT5G43540";"AT5G13700";"AT5G43540"
"371";"AT1G04560";"AT3G55240";"AT1G04560"
"372";"AT2G28110";"AT1G79510";"AT2G28110"
"373";"AT2G37760";"AT5G19890";"AT2G37760"
"374";"AT5G06760";"AT5G52570";"AT5G06760"
"375";"AT3G60961";"AT5G35735";"AT3G60961"
"376";"AT3G27250";"AT1G49570";"AT3G27250"
"377";"AT5G44005";"AT2G27402";"AT5G44005"
"378";"AT2G25095";"AT1G70820";"AT2G25095"
"379";"AT2G39380";"AT1G59910";"AT2G39380"
"380";"AT1G80520";"AT5G43750";"AT1G80520"
"381";"AT1G11175";"AT2G02310";"AT1G11175"
"382";"AT5G04120";"AT3G56290";"AT5G04120"
"383";"AT3G54940";"AT5G17170";"AT3G54940"
"384";"AT5G46871";"AT4G19520";"AT5G46871"
"385";"AT3G28570";"AT1G21910";"AT3G28570"
"386";"AT3G50330";"AT4G13495";"AT3G50330"
"387";"AT5G37260";"AT1G75100";"AT5G37260"
"388";"AT2G36090";"AT1G62780";"AT2G36090"
"389";"AT1G71140";"AT1G17750";"AT1G71140"
"390";"AT3G03341";"AT4G22510";"AT3G03341"
"391";"ATCG00580";"AT1G73500";"ATCG00580"
"392";"AT1G45145";"AT1G16370";"AT1G45145"
"393";"AT1G66725";"AT3G17800";"AT1G66725"
"394";"AT1G69600";"AT2G33580";"AT1G69600"
"395";"AT2G36870";"AT1G28370";"AT2G36870"
"396";"AT1G26420";"AT5G63770";"AT1G26420"
"397";"AT1G43160";"AT5G35970";"AT1G43160"
"398";"AT3G16400";"AT2G30010";"AT3G16400"
"399";"AT5G19440";"AT1G25400";"AT5G19440"
"400";"AT4G27410";"AT1G23130";"AT4G27410"
"401";"AT4G02520";"AT5G19110";"AT4G02520"
"402";"AT5G41612";"AT1G71500";"AT5G41612"
"403";"AT5G57785";"AT4G02200";"AT5G57785"
"404";"AT3G54520";"AT5G42070";"AT3G54520"
"405";"AT5G46050";"AT3G21870";"AT5G46050"
"406";"AT4G37790";"AT5G58680";"AT4G37790"
"407";"AT1G66783";"AT5G19220";"AT1G66783"
"408";"AT3G50760";"AT4G20362";"AT3G50760"
"409";"AT2G36750";"AT5G16400";"AT2G36750"
"410";"AT2G41905";"AT5G51990";"AT2G41905"
"411";"AT5G64120";"AT4G22475";"AT5G64120"
"412";"AT5G44572";"AT4G23180";"AT5G44572"
"413";"AT4G01610";"AT1G64770";"AT4G01610"
"414";"AT4G05120";"AT1G69890";"AT4G05120"
"415";"AT3G45730";"AT4G18740";"AT3G45730"
"416";"AT5G07990";"AT1G70740";"AT5G07990"
"417";"AT5G13330";"AT1G67470";"AT5G13330"
"418";"AT1G54100";"AT5G08050";"AT1G54100"
"419";"AT1G04990";"AT5G54720";"AT1G04990"
"420";"AT2G28570";"AT1G51820";"AT2G28570"
"421";"AT1G55020";"AT3G25190";"AT1G55020"
"422";"AT5G63350";"AT1G22570";"AT5G63350"
"423";"AT2G38540";"AT1G72450";"AT2G38540"
"424";"AT2G40200";"AT4G09350";"AT2G40200"
"425";"AT5G43580";"AT1G19180";"AT5G43580"
"426";"AT5G43150";"AT2G27500";"AT5G43150"
"427";"AT5G46590";"AT4G22710";"AT5G46590"
"428";"AT5G42900";"AT2G46720";"AT5G42900"
"429";"AT5G38000";"AT3G62030";"AT5G38000"
"430";"AT2G36800";"AT2G35370";"AT2G36800"
"431";"AT4G23990";"AT1G23310";"AT4G23990"
"432";"AT5G39080";"AT5G01600";"AT5G39080"
"433";"AT1G05510";"AT4G01390";"AT1G05510"
"434";"AT4G26080";"AT1G66160";"AT4G26080"
"435";"AT5G24080";"AT1G44000";"AT5G24080"
"436";"AT3G14060";"AT3G28340";"AT3G14060"
"437";"AT3G06390";"AT1G74470";"AT3G06390"
"438";"AT4G30180";"AT1G08930";"AT4G30180"
"439";"AT4G15610";"AT2G26500";"AT4G15610"
"440";"AT3G25770";"AT3G19680";"AT3G25770"
"441";"AT1G05420";"AT5G08330";"AT1G05420"
"442";"AT2G21180";"AT3G56880";"AT2G21180"
"443";"AT2G43390";"AT1G13650";"AT2G43390"
"444";"AT1G09297";"AT1G52510";"AT1G09297"
"445";"AT5G44210";"AT2G05310";"AT5G44210"
"446";"AT4G23220";"AT1G27100";"AT4G23220"
"447";"AT5G24780";"AT1G43670";"AT5G24780"
"448";"AT5G03285";"AT3G07315";"AT5G03285"
"449";"AT4G25250";"AT3G28270";"AT4G25250"
"450";"AT5G60250";"AT3G52400";"AT5G60250"
"451";"AT2G47200";"AT1G67700";"AT2G47200"
"452";"AT5G66170";"ATCG01020";"AT5G66170"
"453";"AT4G39070";"AT1G26761";"AT4G39070"
"454";"AT2G42790";"AT1G10360";"AT2G42790"
"455";"AT1G60090";"AT1G28380";"AT1G60090"
"456";"AT2G41260";"AT3G53470";"AT2G41260"
"457";"AT4G01630";"AT3G26650";"AT4G01630"
"458";"AT5G48880";"AT1G78230";"AT5G48880"
"459";"AT3G22370";"AT1G50745";"AT3G22370"
"460";"AT1G74458";"AT5G54770";"AT1G74458"
"461";"AT4G15630";"AT3G15540";"AT4G15630"
"462";"AT5G05965";"AT3G46620";"AT5G05965"
"463";"AT4G17215";"AT3G49530";"AT4G17215"
"464";"AT3G58450";"AT4G17615";"AT3G58450"
"465";"AT1G61255";"AT2G35658";"AT1G61255"
"466";"AT1G77230";"ATCG00470";"AT1G77230"
"467";"AT3G61890";"AT5G27290";"AT3G61890"
"468";"AT5G24470";"AT1G29070";"AT5G24470"
"469";"AT2G39700";"AT2G30040";"AT2G39700"
"470";"AT4G15490";"AT1G24330";"AT4G15490"
"471";"AT2G22510";"AT5G46295";"AT2G22510"
"472";"AT4G37870";"AT1G07180";"AT4G37870"
"473";"AT3G02545";"AT2G25250";"AT3G02545"
"474";"AT3G01425";"AT1G61300";"AT3G01425"
"475";"ATCG00570";"AT1G62280";"ATCG00570"
"476";"AT5G54585";"AT4G36850";"AT5G54585"
"477";"AT4G16442";"AT1G79310";"AT4G16442"
"478";"AT3G16770";"AT1G16080";"AT3G16770"
"479";"AT3G15670";"AT4G01883";"AT3G15670"
"480";"AT1G16850";"AT4G36700";"AT1G16850"
"481";"AT4G19120";"AT1G03055";"AT4G19120"
"482";"AT1G36370";"AT5G12860";"AT1G36370"
"483";"AT5G18270";"AT3G55840";"AT5G18270"
"484";"AT5G43450";"AT5G59490";"AT5G43450"
"485";"AT1G10340";"AT5G58430";"AT1G10340"
"486";"AT3G44310";"AT4G22690";"AT3G44310"
"487";"AT2G45130";"AT5G49730";"AT2G45130"
"488";"AT4G39210";"AT3G12345";"AT4G39210"
"489";"AT5G22310";"AT5G54710";"AT5G22310"
"490";"AT2G02950";"AT1G32990";"AT2G02950"
"491";"AT4G38580";"AT2G38140";"AT4G38580"
"492";"AT1G24020";"AT3G59080";"AT1G24020"
"493";"AT3G57010";"AT3G18690";"AT3G57010"
"494";"AT5G41670";"AT1G50740";"AT5G41670"
"495";"AT2G23910";"AT5G46490";"AT2G23910"
"496";"AT2G28490";"AT3G15360";"AT2G28490"
"497";"AT4G11320";"AT4G21410";"AT4G11320"
"498";"AT3G01420";"AT4G02350";"AT3G01420"
"499";"AT5G54170";"AT3G15840";"AT5G54170"
"500";"AT1G21060";"AT1G58290";"AT1G21060"
"501";"ATCG00900";"AT1G72940";"ATCG00900"
"502";"ATCG01240";"AT2G43560";"ATCG01240"
"503";"AT2G39705";"AT2G40140";"AT2G39705"
"504";"AT3G52790";"AT1G74730";"AT3G52790"
"505";"AT5G08260";"AT1G45474";"AT5G08260"
"506";"AT1G52855";"AT2G43140";"AT1G52855"
"507";"AT1G64590";"AT3G44190";"AT1G64590"
"508";"AT4G37030";"AT5G26030";"AT4G37030"
"509";"AT5G24530";"AT2G14290";"AT5G24530"
"510";"AT2G19900";"AT4G21830";"AT2G19900"
"511";"AT1G21920";"AT5G64660";"AT1G21920"
"512";"AT4G08755";"AT4G36500";"AT4G08755"
"513";"AT5G54300";"AT2G41680";"AT5G54300"
"514";"AT3G21420";"AT4G18280";"AT3G21420"
"515";"AT3G55110";"AT2G24090";"AT3G55110"
"516";"AT1G14120";"AT3G10280";"AT1G14120"
"517";"AT5G07475";"AT3G62720";"AT5G07475"
"518";"AT5G41040";"AT5G38520";"AT5G41040"
"519";"AT3G15534";"AT1G29700";"AT3G15534"
"520";"AT3G13910";"AT2G15020";"AT3G13910"
"521";"AT4G35770";"AT1G50732";"AT4G35770"
"522";"AT5G26340";"AT4G25080";"AT5G26340"
"523";"AT2G19810";"AT5G59730";"AT2G19810"
"524";"AT1G71280";"AT1G16720";"AT1G71280"
"525";"AT1G75040";"AT1G03630";"AT1G75040"
"526";"AT2G04070";"AT2G36220";"AT2G04070"
"527";"AT2G38240";"AT4G11460";"AT2G38240"
"528";"AT1G67910";"AT2G40100";"AT1G67910"
"529";"AT1G26762";"AT4G17500";"AT1G26762"
"530";"AT1G10585";"AT5G64905";"AT1G10585"
"531";"AT1G76930";"AT3G49160";"AT1G76930"
"532";"ATCG00300";"AT5G23120";"ATCG00300"
"533";"AT1G30320";"AT3G27830";"AT1G30320"
"534";"AT3G22840";"AT4G27657";"AT3G22840"
"535";"AT2G39710";"AT1G32630";"AT2G39710"
"536";"AT4G38410";"AT5G51010";"AT4G38410"
"537";"AT2G33480";"AT1G04027";"AT2G33480"
"538";"AT3G47800";"AT2G42380";"AT3G47800"
"539";"AT5G15310";"AT1G32450";"AT5G15310"
"540";"AT1G29980";"AT1G72900";"AT1G29980"
"541";"AT4G14440";"AT5G61660";"AT4G14440"
"542";"AT1G08050";"AT2G37430";"AT1G08050"
"543";"AT2G33150";"AT3G28180";"AT2G33150"
"544";"AT1G03880";"AT5G51110";"AT1G03880"
"545";"AT3G22620";"AT3G14930";"AT3G22620"
"546";"AT5G41070";"AT5G61600";"AT5G41070"
"547";"AT2G01530";"AT3G19030";"AT2G01530"
"548";"AT4G16146";"AT3G54500";"AT4G16146"
"549";"AT1G05340";"AT4G29670";"AT1G05340"
"550";"AT5G66780";"AT5G53490";"AT5G66780"
"551";"AT1G60060";"AT4G17810";"AT1G60060"
"552";"AT3G19290";"AT1G50320";"AT3G19290"
"553";"AT1G65970";"AT1G01790";"AT1G65970"
"554";"AT2G24240";"AT3G15850";"AT2G24240"
"555";"AT1G66920";"AT3G56910";"AT1G66920"
"556";"AT5G56870";"AT4G37260";"AT5G56870"
"557";"AT2G01008";"AT4G06195";"AT2G01008"
"558";"AT1G56650";"AT1G56190";"AT1G56650"
"559";"AT3G22910";"AT3G23170";"AT3G22910"
"560";"AT3G25870";"AT1G73550";"AT3G25870"
"561";"AT3G29670";"AT3G27160";"AT3G29670"
"562";"AT2G38010";"AT4G18197";"AT2G38010"
"563";"AT5G67190";"AT2G34510";"AT5G67190"
"564";"AT3G28600";"AT4G23890";"AT3G28600"
"565";"AT2G01890";"AT4G02530";"AT2G01890"
"566";"AT1G21550";"AT4G16990";"AT1G21550"
"567";"AT5G03890";"AT3G14200";"AT5G03890"
"568";"AT3G46130";"AT5G59750";"AT3G46130"
"569";"AT1G79610";"AT5G45070";"AT1G79610"
"570";"AT4G25330";"AT4G37710";"AT4G25330"
"571";"AT5G42890";"AT1G32220";"AT5G42890"
"572";"AT1G01480";"AT2G42750";"AT1G01480"
"573";"ATCG01060";"AT3G25250";"ATCG01060"
"574";"AT5G14130";"AT3G11820";"AT5G14130"
"575";"AT2G47000";"AT4G24770";"AT2G47000"
"576";"AT5G41765";"AT1G72930";"AT5G41765"
"577";"AT5G28300";"AT4G39890";"AT5G28300"
"578";"AT4G23600";"AT4G13340";"AT4G23600"
"579";"AT3G02940";"AT1G23740";"AT3G02940"
"580";"AT1G60970";"AT3G09940";"AT1G60970"
"581";"AT3G12500";"AT5G44350";"AT3G12500"
"582";"AT4G16447";"AT2G47450";"AT4G16447"
"583";"AT1G75580";"AT3G54900";"AT1G75580"
"584";"AT5G45950";"AT3G26570";"AT5G45950"
"585";"AT2G27380";"AT1G02810";"AT2G27380"
"586";"AT3G52480";"AT5G10100";"AT3G52480"
"587";"AT1G76470";"AT2G26080";"AT1G76470"
"588";"AT4G39090";"AT3G54810";"AT4G39090"
"589";"AT5G50360";"AT1G33811";"AT5G50360"
"590";"AT5G03495";"AT1G77090";"AT5G03495"
"591";"AT3G51240";"AT2G20570";"AT3G51240"
"592";"ATCG00180";"AT1G52120";"ATCG00180"
"593";"AT1G78170";"AT1G73110";"AT1G78170"
"594";"AT3G59930";"AT1G52290";"AT3G59930"
"595";"AT1G64710";"AT4G22490";"AT1G64710"
"596";"AT5G13370";"AT1G68590";"AT5G13370"
"597";"AT5G67360";"AT3G24520";"AT5G67360"
"598";"AT5G25810";"AT5G06980";"AT5G25810"
"599";"AT5G52300";"AT1G78070";"AT5G52300"
"600";"AT1G22160";"AT4G31800";"AT1G22160"
"601";"AT2G47600";"AT3G62260";"AT2G47600"
"602";"AT4G16000";"AT5G04140";"AT4G16000"
"603";"AT3G10910";"AT2G33450";"AT3G10910"
"604";"AT1G18265";"AT3G23230";"AT1G18265"
"605";"AT1G02460";"AT1G59740";"AT1G02460"
"606";"AT1G74710";"AT1G62750";"AT1G74710"
"607";"AT1G60730";"AT3G05320";"AT1G60730"
"608";"AT2G15490";"AT5G57345";"AT2G15490"
"609";"AT3G06860";"AT5G01710";"AT3G06860"
"610";"AT1G31935";"AT5G43170";"AT1G31935"
"611";"AT1G72330";"AT3G57450";"AT1G72330"
"612";"AT5G48180";"AT5G40450";"AT5G48180"
"613";"AT3G18080";"AT5G54490";"AT3G18080"
"614";"AT5G02890";"AT4G18480";"AT5G02890"
"615";"AT1G21528";"AT1G32928";"AT1G21528"
"616";"AT5G28830";"AT1G74670";"AT5G28830"
"617";"AT4G23140";"AT2G42975";"AT4G23140"
"618";"AT5G13180";"AT3G27850";"AT5G13180"
"619";"AT5G62210";"AT1G02660";"AT5G62210"
"620";"AT3G57040";"AT3G54000";"AT3G57040"
"621";"AT2G04805";"AT5G64310";"AT2G04805"
"622";"AT1G79110";"AT3G51450";"AT1G79110"
"623";"AT1G13930";"AT5G13510";"AT1G13930"
"624";"AT4G34881";"AT3G61640";"AT4G34881"
"625";"AT2G30250";"AT5G66650";"AT2G30250"
"626";"AT1G78210";"AT2G44920";"AT1G78210"
"627";"AT5G10230";"AT4G12720";"AT5G10230"
"628";"AT2G36080";"AT5G52882";"AT2G36080"
"629";"AT1G19670";"AT2G47560";"AT1G19670"
"630";"AT2G40900";"AT5G10750";"AT2G40900"
"631";"AT4G28270";"AT5G18660";"AT4G28270"
"632";"AT5G01300";"AT1G22470";"AT5G01300"
"633";"AT5G66560";"AT3G06750";"AT5G66560"
"634";"AT3G55566";"AT5G64870";"AT3G55566"
"635";"AT2G20670";"AT5G44130";"AT2G20670"
"636";"AT1G05650";"AT2G20835";"AT1G05650"
"637";"AT1G62710";"AT3G54210";"AT1G62710"
"638";"AT5G14490";"AT3G47650";"AT5G14490"
"639";"AT5G01775";"AT3G50685";"AT5G01775"
"640";"AT5G23820";"AT5G37770";"AT5G23820"
"641";"AT5G57900";"AT3G55950";"AT5G57900"
"642";"AT3G14560";"AT2G23810";"AT3G14560"
"643";"AT4G36250";"AT1G29690";"AT4G36250"
"644";"AT3G28740";"AT2G36690";"AT3G28740"
"645";"AT5G02090";"AT3G63410";"AT5G02090"
"646";"AT3G17580";"AT5G01100";"AT3G17580"
"647";"AT4G27840";"AT1G68520";"AT4G27840"
"648";"AT3G05770";"AT5G56850";"AT3G05770"
"649";"AT2G01940";"AT1G15830";"AT2G01940"
"650";"AT1G70860";"AT2G32550";"AT1G70860"
"651";"AT3G59340";"AT5G64940";"AT3G59340"
"652";"AT2G17500";"AT4G17600";"AT2G17500"
"653";"AT1G47980";"AT1G22630";"AT1G47980"
"654";"AT3G14280";"AT2G05620";"AT3G14280"
"655";"AT5G13930";"AT1G07320";"AT5G13930"
"656";"AT3G04620";"AT1G18570";"AT3G04620"
"657";"AT3G51430";"AT1G74070";"AT3G51430"
"658";"AT1G50400";"AT2G21280";"AT1G50400"
"659";"AT1G07430";"AT2G23170";"AT1G07430"
"660";"AT5G27600";"AT5G37360";"AT5G27600"
"661";"AT4G04490";"AT1G78280";"AT4G04490"
"662";"AT2G21260";"AT5G65300";"AT2G21260"
"663";"AT1G03700";"AT2G32500";"AT1G03700"
"664";"AT3G11410";"AT4G34190";"AT3G11410"
"665";"AT1G79160";"AT1G55450";"AT1G79160"
"666";"AT5G14070";"AT1G73080";"AT5G14070"
"667";"AT1G33420";"AT1G56500";"AT1G33420"
"668";"AT2G26355";"AT1G11050";"AT2G26355"
"669";"AT4G38860";"AT1G75350";"AT4G38860"
"670";"AT3G47380";"AT1G35210";"AT3G47380"
"671";"AT2G03760";"AT1G27770";"AT2G03760"
"672";"AT1G74460";"AT3G25655";"AT1G74460"
"673";"AT3G51642";"AT2G21530";"AT3G51642"
"674";"AT1G02340";"AT2G21170";"AT1G02340"
"675";"AT1G24145";"AT4G01535";"AT1G24145"
"676";"AT4G04610";"AT2G23600";"AT4G04610"
"677";"AT4G34970";"AT3G56650";"AT4G34970"
"678";"AT2G16720";"AT1G66500";"AT2G16720"
"679";"AT1G68850";"AT1G76450";"AT1G68850"
"680";"AT1G67030";"AT5G16360";"AT1G67030"
"681";"AT1G56320";"AT1G64680";"AT1G56320"
"682";"AT3G04720";"AT1G13609";"AT3G04720"
"683";"AT4G21120";"AT1G65486";"AT4G21120"
"684";"AT2G18700";"AT2G32030";"AT2G18700"
"685";"ATCG00030";"AT3G54200";"ATCG00030"
"686";"AT2G23640";"AT1G22590";"AT2G23640"
"687";"AT5G56320";"AT3G01060";"AT5G56320"
"688";"AT2G26690";"AT1G57980";"AT2G26690"
"689";"AT5G10930";"AT4G14540";"AT5G10930"
"690";"AT5G65030";"AT5G40950";"AT5G65030"
"691";"AT4G09600";"AT5G16030";"AT4G09600"
"692";"AT4G09750";"AT4G34390";"AT4G09750"
"693";"AT3G11660";"AT1G30520";"AT3G11660"
"694";"AT2G39310";"AT5G59550";"AT2G39310"
"695";"AT4G14270";"AT1G18060";"AT4G14270"
"696";"AT1G10530";"AT5G67300";"AT1G10530"
"697";"AT1G20190";"AT3G23700";"AT1G20190"
"698";"AT2G02240";"AT1G72640";"AT2G02240"
"699";"AT3G61900";"AT1G22810";"AT3G61900"
"700";"AT1G78050";"AT5G17670";"AT1G78050"
"701";"AT3G04070";"AT1G37130";"AT3G04070"
"702";"AT1G34180";"AT4G10300";"AT1G34180"
"703";"AT1G67750";"AT3G25400";"AT1G67750"
"704";"AT5G43570";"AT3G19800";"AT5G43570"
"705";"AT2G21100";"AT5G65010";"AT2G21100"
"706";"AT1G17170";"AT5G46110";"AT1G17170"
"707";"AT3G01570";"AT5G41750";"AT3G01570"
"708";"AT5G55970";"AT1G74970";"AT5G55970"
"709";"AT3G21380";"AT3G06020";"AT3G21380"
"710";"AT1G67195";"AT3G56790";"AT1G67195"
"711";"AT1G72260";"AT2G39650";"AT1G72260"
"712";"AT4G38210";"AT1G16880";"AT4G38210"
"713";"AT5G67480";"AT2G35260";"AT5G67480"
"714";"AT4G05020";"AT1G73655";"AT4G05020"
"715";"AT4G21380";"AT3G18710";"AT4G21380"
"716";"AT1G52315";"AT3G13610";"AT1G52315"
"717";"AT4G36930";"AT3G15520";"AT4G36930"
"718";"AT1G28570";"AT5G47590";"AT1G28570"
"719";"AT4G23670";"AT5G66070";"AT4G23670"
"720";"AT5G13880";"AT1G68190";"AT5G13880"
"721";"AT4G32460";"AT2G33800";"AT4G32460"
"722";"AT1G23550";"AT5G44050";"AT1G23550"
"723";"AT3G23560";"AT3G15190";"AT3G23560"
"724";"AT3G21750";"AT5G38660";"AT3G21750"
"725";"AT3G10020";"AT4G23810";"AT3G10020"
"726";"AT3G28210";"AT1G17380";"AT3G28210"
"727";"AT1G52560";"AT5G51180";"AT1G52560"
"728";"AT4G39730";"AT2G31880";"AT4G39730"
"729";"AT1G30160";"AT2G40270";"AT1G30160"
"730";"AT3G53210";"AT5G14060";"AT3G53210"
"731";"AT5G54145";"AT5G16200";"AT5G54145"
"732";"AT3G54820";"AT5G35525";"AT3G54820"
"733";"AT1G06577";"AT2G05940";"AT1G06577"
"734";"AT4G34230";"AT5G13190";"AT4G34230"
"735";"AT5G25110";"AT3G24430";"AT5G25110"
"736";"AT1G75490";"AT5G61410";"AT1G75490"
"737";"AT1G60030";"AT3G27210";"AT1G60030"
"738";"AT3G52060";"AT1G31540";"AT3G52060"
"739";"AT3G61460";"AT5G28750";"AT3G61460"
"740";"AT4G10960";"AT5G24070";"AT4G10960"
"741";"AT4G00305";"AT2G27680";"AT4G00305"
"742";"AT3G51000";"AT5G52970";"AT3G51000"
"743";"AT2G40475";"AT1G16510";"AT2G40475"
"744";"AT2G02060";"AT3G19580";"AT2G02060"
"745";"AT1G13470";"AT5G38990";"AT1G13470"
"746";"AT5G25830";"AT3G25920";"AT5G25830"
"747";"AT1G29270";"AT2G26380";"AT1G29270"
"748";"AT1G61810";"AT4G28085";"AT1G61810"
"749";"AT4G22920";"AT5G64840";"AT4G22920"
"750";"AT1G15100";"AT4G18010";"AT1G15100"
"751";"AT4G09500";"AT2G26975";"AT4G09500"
"752";"AT5G03240";"AT3G53600";"AT5G03240"
"753";"AT5G21020";"AT3G55040";"AT5G21020"
"754";"AT2G18600";"AT1G17620";"AT2G18600"
"755";"AT5G20790";"AT2G48070";"AT5G20790"
"756";"AT5G20700";"AT5G09980";"AT5G20700"
"757";"AT3G03170";"AT1G50900";"AT3G03170"
"758";"AT5G47610";"AT5G50950";"AT5G47610"
"759";"AT3G61630";"AT2G43920";"AT3G61630"
"760";"AT5G42680";"AT2G03710";"AT5G42680"
"761";"AT5G24570";"AT4G18220";"AT5G24570"
"762";"AT5G01250";"AT4G25700";"AT5G01250"
"763";"AT1G73750";"AT5G48485";"AT1G73750"
"764";"AT3G24420";"AT4G24340";"AT3G24420"
"765";"AT5G02620";"AT2G37220";"AT5G02620"
"766";"AT4G15990";"AT5G66675";"AT4G15990"
"767";"AT3G25830";"AT1G64510";"AT3G25830"
"768";"ATCG00390";"AT5G20935";"ATCG00390"
"769";"AT5G53740";"AT2G40000";"AT5G53740"
"770";"AT2G40340";"AT3G08720";"AT2G40340"
"771";"AT3G10400";"AT4G30950";"AT3G10400"
"772";"AT3G53620";"AT3G43190";"AT3G53620"
"773";"AT3G61820";"AT2G35637";"AT3G61820"
"774";"AT2G14878";"AT1G64150";"AT2G14878"
"775";"AT1G65340";"AT3G17330";"AT1G65340"
"776";"AT2G01410";"AT3G15356";"AT2G01410"
"777";"AT4G02390";"AT5G26770";"AT4G02390"
"778";"AT1G74940";"AT5G58120";"AT1G74940"
"779";"AT3G52740";"AT1G80380";"AT3G52740"
"780";"AT1G79180";"AT4G18810";"AT1G79180"
"781";"AT3G19920";"AT4G01310";"AT3G19920"
"782";"AT4G38080";"AT4G36950";"AT4G38080"
"783";"AT5G01820";"AT4G15560";"AT5G01820"
"784";"AT5G65110";"AT3G23400";"AT5G65110"
"785";"AT5G57655";"AT3G19850";"AT5G57655"
"786";"AT4G22470";"AT2G21140";"AT4G22470"
"787";"AT2G36270";"AT4G13572";"AT2G36270"
"788";"AT4G35750";"AT1G09070";"AT4G35750"
"789";"AT5G61650";"AT1G35680";"AT5G61650"
"790";"AT4G37700";"AT1G43560";"AT4G37700"
"791";"AT1G08890";"AT3G05370";"AT1G08890"
"792";"AT1G07645";"AT5G13720";"AT1G07645"
"793";"AT2G28140";"AT2G28210";"AT2G28140"
"794";"AT1G48330";"AT3G15760";"AT1G48330"
"795";"AT3G25820";"AT3G14260";"AT3G25820"
"796";"AT1G28400";"AT5G28770";"AT1G28400"
"797";"AT1G64390";"AT3G14770";"AT1G64390"
"798";"AT4G03400";"AT1G63090";"AT4G03400"
"799";"AT2G35070";"AT3G46630";"AT2G35070"
"800";"AT2G37130";"AT4G03875";"AT2G37130"
"801";"AT5G43330";"AT2G27290";"AT5G43330"
"802";"AT2G21450";"AT1G71400";"AT2G21450"
"803";"AT5G57685";"AT5G35170";"AT5G57685"
"804";"AT4G13290";"AT5G39210";"AT4G13290"
"805";"AT4G17280";"AT4G30440";"AT4G17280"
"806";"AT4G31877";"AT5G47190";"AT4G31877"
"807";"AT2G28200";"AT3G25690";"AT2G28200"
"808";"AT1G66230";"AT4G17460";"AT1G66230"
"809";"AT3G27620";"AT4G17250";"AT3G27620"
"810";"AT5G06775";"AT4G05275";"AT5G06775"
"811";"AT3G60140";"AT1G18193";"AT3G60140"
"812";"AT4G20390";"AT4G32020";"AT4G20390"
"813";"AT3G28540";"AT3G08920";"AT3G28540"
"814";"AT2G43670";"AT1G61470";"AT2G43670"
"815";"AT2G25160";"ATCG00480";"AT2G25160"
"816";"AT5G25440";"AT1G02390";"AT5G25440"
"817";"AT1G58225";"AT5G05440";"AT1G58225"
"818";"AT5G57887";"AT1G59730";"AT5G57887"
"819";"AT4G28040";"AT5G15130";"AT4G28040"
"820";"AT5G41590";"AT2G20890";"AT5G41590"
"821";"AT5G06845";"AT4G35783";"AT5G06845"
"822";"AT1G20160";"AT3G06145";"AT1G20160"
"823";"ATCG01310";"AT4G24972";"ATCG01310"
"824";"AT5G11460";"AT3G17185";"AT5G11460"
"825";"AT4G30290";"AT3G12820";"AT4G30290"
"826";"AT2G31160";"AT2G34460";"AT2G31160"
"827";"AT5G25250";"AT1G03870";"AT5G25250"
"828";"AT4G27830";"AT3G61400";"AT4G27830"
"829";"AT1G09420";"AT1G13260";"AT1G09420"
"830";"AT1G14950";"AT4G14870";"AT1G14950"
"831";"AT1G67365";"AT2G34860";"AT1G67365"
"832";"AT5G04380";"AT2G23130";"AT5G04380"
"833";"AT3G06325";"AT3G54830";"AT3G06325"
"834";"AT3G55120";"AT4G28030";"AT3G55120"
"835";"AT4G37370";"AT1G32200";"AT4G37370"
"836";"AT1G13330";"AT4G23515";"AT1G13330"
"837";"AT2G22450";"AT3G44890";"AT2G22450"
"838";"AT5G01520";"AT3G46530";"AT5G01520"
"839";"AT5G55530";"AT4G17230";"AT5G55530"
"840";"AT3G18400";"AT3G16720";"AT3G18400"
"841";"AT4G21020";"AT4G34090";"AT4G21020"
"842";"AT4G19160";"AT1G35350";"AT4G19160"
"843";"AT3G47420";"AT4G21210";"AT3G47420"
"844";"AT3G27650";"AT1G04420";"AT3G27650"
"845";"AT2G26310";"AT3G22830";"AT2G26310"
"846";"AT5G26690";"AT2G24850";"AT5G26690"
"847";"AT1G53030";"AT4G01540";"AT1G53030"
"848";"AT3G47160";"AT5G42270";"AT3G47160"
"849";"AT4G24960";"AT4G24700";"AT4G24960"
"850";"AT3G18490";"AT1G14480";"AT3G18490"
"851";"AT1G46554";"AT5G17870";"AT1G46554"
"852";"AT2G39050";"AT4G15393";"AT2G39050"
"853";"AT1G19570";"AT1G66970";"AT1G19570"
"854";"AT2G28840";"AT4G18370";"AT2G28840"
"855";"AT3G26460";"AT1G22850";"AT3G26460"
"856";"AT4G28240";"AT2G03750";"AT4G28240"
"857";"AT5G40390";"AT4G02130";"AT5G40390"
"858";"AT1G32940";"AT5G13120";"AT1G32940"
"859";"AT2G38860";"AT2G30766";"AT2G38860"
"860";"AT4G13280";"AT2G29300";"AT4G13280"
"861";"AT5G57630";"AT3G09830";"AT5G57630"
"862";"AT4G08290";"AT5G04230";"AT4G08290"
"863";"AT1G19394";"AT5G44060";"AT1G19394"
"864";"AT5G59170";"AT1G22330";"AT5G59170"
"865";"AT1G09687";"AT1G01140";"AT1G09687"
"866";"AT3G21710";"AT2G21120";"AT3G21710"
"867";"AT3G13404";"AT1G07520";"AT3G13404"
"868";"AT4G30960";"AT1G10960";"AT4G30960"
"869";"AT2G05440";"AT1G15010";"AT2G05440"
"870";"AT1G64110";"AT2G37660";"AT1G64110"
"871";"AT2G23790";"AT3G52150";"AT2G23790"
"872";"AT1G77380";"AT5G38940";"AT1G77380"
"873";"AT1G23800";"AT3G63490";"AT1G23800"
"874";"AT1G33950";"AT1G65190";"AT1G33950"
"875";"AT5G40690";"AT1G17650";"AT5G40690"
"876";"AT5G38530";"AT5G21920";"AT5G38530"
"877";"AT2G02120";"AT2G33330";"AT2G02120"
"878";"AT1G76790";"AT1G64860";"AT1G76790"
"879";"AT4G33150";"AT3G47960";"AT4G33150"
"880";"AT2G38400";"AT2G05812";"AT2G38400"
"881";"AT3G48830";"AT5G08280";"AT3G48830"
"882";"AT2G01990";"AT1G15825";"AT2G01990"
"883";"AT2G16060";"AT4G15510";"AT2G16060"
"884";"AT4G15910";"AT3G52380";"AT4G15910"
"885";"AT5G01380";"AT1G53520";"AT5G01380"
"886";"AT5G62200";"AT1G76110";"AT5G62200"
"887";"AT2G15890";"AT3G53800";"AT2G15890"
"888";"AT2G40080";"AT5G62670";"AT2G40080"
"889";"AT1G30475";"AT2G35960";"AT1G30475"
"890";"AT1G08310";"AT4G35655";"AT1G08310"
"891";"AT4G38932";"AT5G14320";"AT4G38932"
"892";"AT3G05937";"AT4G04223";"AT3G05937"
"893";"AT1G13340";"AT1G52830";"AT1G13340"
"894";"AT5G12010";"AT3G11945";"AT5G12010"
"895";"AT1G08650";"AT1G77760";"AT1G08650"
"896";"AT1G66465";"AT3G12830";"AT1G66465"
"897";"AT5G57050";"AT1G26218";"AT5G57050"
"898";"AT3G60520";"AT1G78915";"AT3G60520"
"899";"AT5G46180";"AT4G32590";"AT5G46180"
"900";"AT1G51140";"AT3G11170";"AT1G51140"
"901";"AT2G08760";"AT4G19830";"AT2G08760"
"902";"AT5G51210";"AT5G22690";"AT5G51210"
"903";"AT1G17830";"AT4G25290";"AT1G17830"
"904";"AT1G05870";"AT5G38930";"AT1G05870"
"905";"AT4G16210";"AT5G35100";"AT4G16210"
"906";"AT1G45191";"AT5G14970";"AT1G45191"
"907";"AT5G08640";"AT1G23710";"AT5G08640"
"908";"AT3G04184";"AT3G63190";"AT3G04184"
"909";"AT5G20710";"AT1G74310";"AT5G20710"
"910";"AT3G21890";"AT5G05580";"AT3G21890"
"911";"AT3G25700";"AT1G65800";"AT3G25700"
"912";"AT2G23540";"AT2G41100";"AT2G23540"
"913";"AT5G06860";"AT5G54600";"AT5G06860"
"914";"AT4G19810";"AT4G36710";"AT4G19810"
"915";"AT4G34138";"AT5G52100";"AT4G34138"
"916";"AT2G36320";"AT1G68830";"AT2G36320"
"917";"AT5G39850";"AT1G05190";"AT5G39850"
"918";"AT5G26146";"AT1G58602";"AT5G26146"
"919";"AT5G14930";"AT5G16710";"AT5G14930"
"920";"AT1G18810";"AT5G48300";"AT1G18810"
"921";"AT2G41190";"AT5G14260";"AT2G41190"
"922";"AT1G01010";"AT5G20140";"AT1G01010"
"923";"AT5G07310";"AT4G01090";"AT5G07310"
"924";"AT5G65510";"AT2G17230";"AT5G65510"
"925";"AT4G16760";"AT1G63860";"AT4G16760"
"926";"AT5G13360";"AT4G37240";"AT5G13360"
"927";"AT2G28120";"ATCG00940";"AT2G28120"
"928";"AT2G15970";"AT4G10120";"AT2G15970"
"929";"AT5G26290";"AT2G41230";"AT5G26290"
"930";"AT4G35550";"AT5G46270";"AT4G35550"
"931";"AT1G69580";"AT3G24550";"AT1G69580"
"932";"AT1G15790";"AT1G44830";"AT1G15790"
"933";"AT1G54760";"AT4G36570";"AT1G54760"
"934";NA;"AT3G63350";"AT5G06290"
"935";NA;"AT2G22870";"AT3G27690"
"936";NA;"AT5G67030";"AT4G34410"
"937";NA;"AT3G06890";"AT3G11630"
"938";NA;"ATCG01190";"AT1G12610"
"939";NA;"AT1G33610";"AT2G34430"
"940";NA;"AT2G47400";"AT5G38420"
"941";NA;"AT2G14247";"AT3G01500"
"942";NA;"AT1G05207";"AT1G33760"
"943";NA;"AT3G02140";"AT1G30135"
"944";NA;"AT5G13410";"AT1G80840"
"945";NA;"AT4G38550";"AT4G31940"
"946";NA;"AT2G42600";"AT3G05945"
"947";NA;"AT1G50020";"AT2G34600"
"948";NA;"AT1G01080";"AT1G29920"
"949";NA;"AT5G03355";"AT5G38430"
"950";NA;"AT5G36120";"AT5G45340"
"951";NA;"AT1G65260";"AT5G38410"
"952";NA;"AT4G24160";"AT1G65390"
"953";NA;"AT2G23100";"AT1G29910"
"954";NA;"AT2G41120";"AT5G54270"
"955";NA;"AT1G73060";"AT5G52020"
"956";NA;"AT2G41560";"AT2G44840"
"957";NA;"AT4G36530";"AT3G54890"
"958";NA;"AT3G13120";"AT1G72520"
"959";NA;"AT5G44870";"AT2G05070"
"960";NA;"AT2G40490";"AT2G05100"
"961";NA;"AT1G22530";"AT1G76650"
"962";NA;"AT1G31800";"AT5G51720"
"963";NA;"AT5G64290";"AT3G48520"
"964";NA;"AT3G55430";"AT3G08940"
"965";NA;"AT1G17220";"AT3G44870"
"966";NA;"AT3G57930";"AT1G21500"
"967";NA;"AT5G08150";"AT4G29780"
"968";NA;"AT1G72790";"AT5G48490"
"969";NA;"AT3G26710";"AT2G25460"
"970";NA;"AT4G16980";"AT5G28630"
"971";NA;"AT3G22210";"AT4G24570"
"972";NA;"AT5G08790";"AT3G16670"
"973";NA;"AT3G10520";"AT3G47470"
"974";NA;"AT1G56140";"AT1G52230"
"975";NA;"AT4G22610";"AT2G08665"
"976";NA;"AT3G51970";"AT3G63140"
"977";NA;"AT5G55570";"AT5G38700"
"978";NA;"AT1G54500";"AT1G35140"
"979";NA;"AT5G13220";"AT2G24600"
"980";NA;"AT4G36550";"AT5G41740"
"981";NA;"AT5G21930";"AT5G52050"
"982";NA;"AT1G53670";"AT2G39730"
"983";NA;"AT1G68238";"AT1G66090"
"984";NA;"AT1G47130";"AT4G26530"
"985";NA;"AT3G12320";"AT1G03130"
"986";NA;"AT5G03204";"AT1G67090"
"987";NA;"AT4G13493";"AT1G15820"
"988";NA;"AT2G42690";"AT2G27690"
"989";NA;"AT5G63130";"AT1G28480"
"990";NA;"AT2G45760";"AT1G09340"
"991";NA;"AT1G63360";"AT4G05180"
"992";NA;"AT2G22190";"AT1G55670"
"993";NA;"AT1G50250";"AT1G07135"
"994";NA;"AT1G12250";"AT1G74930"
"995";NA;"AT2G46330";"AT1G19770"
"996";NA;"AT2G42770";"AT1G72610"
"997";NA;"AT4G21445";"AT2G35930"
"998";NA;"AT2G21385";"AT3G01550"
"999";NA;"AT2G38310";"AT4G10340"
"1000";NA;"AT5G67310";"AT1G31330"
"1001";NA;"AT1G61190";"AT3G12900"
"1002";NA;"AT3G51820";"AT5G14740"
"1003";NA;"AT1G32550";"AT2G10940"
"1004";NA;"AT1G78020";"AT4G19530"
"1005";NA;"AT4G26555";"AT3G55980"
"1006";NA;"AT5G03880";"AT5G21430"
"1007";NA;"AT2G32200";"AT2G46820"
"1008";NA;"AT1G09940";"AT1G50750"
"1009";NA;"AT2G28630";"AT3G55800"
"1010";NA;"AT5G63790";"AT1G61520"
"1011";NA;"AT2G27389";"AT1G63030"
"1012";NA;"AT5G52440";"AT3G21055"
"1013";NA;"AT4G38420";"AT4G12800"
"1014";NA;"AT5G41100";"AT1G18300"
"1015";NA;"AT2G43030";"AT3G16860"
"1016";NA;"AT2G16380";"AT4G11280"
"1017";NA;"AT1G58420";"AT5G62520"
"1018";NA;"AT2G21510";"AT4G28750"
"1019";NA;"AT2G44500";"AT1G32080"
"1020";NA;"AT3G44630";"AT1G44575"
"1021";NA;"AT2G47240";"AT1G08380"
"1022";NA;"AT1G18170";"AT1G30380"
"1023";NA;"AT5G08650";"AT1G09950"
"1024";NA;"AT1G03475";"AT3G07195"
"1025";NA;"AT5G54380";"AT5G01015"
"1026";NA;"AT3G55630";"AT1G70760"
"1027";NA;"AT3G11700";"AT1G32060"
"1028";NA;"AT1G78630";"AT1G56240"
"1029";NA;"AT4G09160";"AT1G76640"
"1030";NA;"AT3G16000";"AT2G25735"
"1031";NA;"AT2G25625";"AT5G17350"
"1032";NA;"AT5G07240";"AT1G17420"
"1033";NA;"AT5G10250";"AT3G62410"
"1034";NA;"AT5G49740";"AT4G17490"
"1035";NA;"AT3G15210";"AT3G54050"
"1036";NA;"AT5G59250";"AT1G20510"
"1037";NA;"AT1G13210";"AT3G16140"
"1038";NA;"AT3G22420";"AT4G02770"
"1039";NA;"AT3G02585";"AT4G12830"
"1040";NA;"AT2G47750";"AT1G29930"
"1041";NA;"AT5G12050";"AT1G73870"
"1042";NA;"AT5G57170";"AT1G12900"
"1043";NA;"AT2G04700";"AT3G02840"
"1044";NA;"AT3G14870";"AT1G19150"
"1045";NA;"AT3G27925";"AT1G60950"
"1046";NA;"AT1G53635";"AT3G01440"
"1047";NA;"AT3G50790";"AT1G20340"
"1048";NA;"AT3G08740";"AT4G27654"
"1049";NA;"AT4G02410";"AT1G51400"
"1050";NA;"AT5G58250";"AT1G76600"
"1051";NA;"AT5G30510";"AT1G01580"
"1052";NA;"AT2G20920";"AT5G23060"
"1053";NA;"AT5G48570";"AT4G21870"
"1054";NA;"AT1G48350";"AT2G17660"
"1055";NA;"AT1G55370";"AT3G61190"
"1056";NA;"AT2G40400";"AT4G25470"
"1057";NA;"AT2G45820";"AT3G01830"
"1058";NA;"ATCG00190";"AT4G08950"
"1059";NA;"AT1G19020";"AT1G57990"
"1060";NA;"AT5G39670";"AT1G06680"
"1061";NA;"AT2G33570";"AT4G21280"
"1062";NA;"AT5G11650";"AT3G09870"
"1063";NA;"AT2G31040";"AT2G22760"
"1064";NA;"AT5G51020";"AT3G20600"
"1065";NA;"AT1G20810";"AT4G38970"
"1066";NA;"AT1G05675";"AT5G64040"
"1067";NA;"AT5G42650";"AT4G37925"
"1068";NA;"AT4G06115";"AT3G45960"
"1069";NA;"AT5G63310";"AT4G01950"
"1070";NA;"AT2G32540";"AT1G67740"
"1071";NA;"AT2G21960";"AT1G14150"
"1072";NA;"AT3G06070";"AT5G28610"
"1073";NA;"AT1G64500";"AT3G50820"
"1074";NA;"AT1G08540";"AT1G56660"
"1075";NA;"AT4G13575";"AT5G11070"
"1076";NA;"AT4G12917";"AT2G06520"
"1077";NA;"AT4G02920";"AT1G27730"
"1078";NA;"AT4G25390";"AT2G21330"
"1079";NA;"AT1G06690";"AT3G44260"
"1080";NA;"AT1G24530";"AT3G61470"
"1081";NA;"AT2G27420";"AT5G36790"
"1082";NA;"AT5G65220";"AT5G36700"
"1083";NA;"AT2G40330";"AT3G04210"
"1084";NA;"AT3G48320";"AT5G56080"
"1085";NA;"AT5G19250";"AT1G72416"
"1086";NA;"AT1G52190";"AT2G39470"
"1087";NA;"AT1G06830";"AT5G28450"
"1088";NA;"AT1G59870";"AT2G30570"
"1089";NA;"AT4G30390";"AT3G05727"
"1090";NA;"AT4G26260";"AT2G42760"
"1091";NA;"AT4G27520";"AT1G76100"
"1092";NA;"AT2G09225";"AT3G44860"
"1093";NA;"AT3G05200";"AT2G34620"
"1094";NA;"AT3G19200";"AT5G22250"
"1095";NA;"AT3G15110";"AT3G59400"
"1096";NA;"AT4G01330";"AT3G45640"
"1097";NA;"AT4G26690";"AT5G19240"
"1098";NA;"AT5G21960";"AT1G18730"
"1099";NA;"AT2G34930";"AT4G27280"
"1100";NA;"AT5G25930";"AT1G72920"
"1101";NA;"AT5G39580";"AT5G35630"
"1102";NA;"AT5G62865";"AT2G29290"
"1103";NA;"AT5G45930";"AT2G38470"
"1104";NA;"AT5G66900";"AT3G56940"
"1105";NA;"AT1G63880";"AT4G37930"
"1106";NA;"AT1G26730";"AT3G46780"
"1107";NA;"AT3G56410";"AT1G07887"
"1108";NA;"AT3G22142";"AT2G41010"
"1109";NA;"AT2G18690";"AT3G18890"
"1110";NA;"AT3G51510";"AT3G47070"
"1111";NA;"AT1G49130";"AT3G48420"
"1112";NA;"AT1G11750";"AT1G14345"
"1113";NA;"AT2G33850";"AT3G50060"
"1114";NA;"AT5G19100";"AT4G13500"
"1115";NA;"AT2G01918";"AT3G27540"
"1116";NA;"AT3G05900";"AT1G73540"
"1117";NA;"AT4G01690";"AT4G34150"
"1118";NA;"AT3G14810";"AT3G63160"
"1119";NA;"AT4G28706";"AT1G15980"
"1120";NA;"AT5G03650";"AT4G09650"
"1121";NA;"AT4G37850";"AT3G02730"
"1122";NA;"AT1G15960";"AT4G13395"
"1123";NA;"AT3G25780";"AT2G30020"
"1124";NA;"AT5G16830";"AT1G55480"
"1125";NA;"AT4G15975";"AT4G18205"
"1126";NA;"AT5G47840";"AT4G33010"
"1127";NA;"AT1G72645";"AT1G11185"
"1128";NA;"AT2G07675";"AT4G09010"
"1129";NA;"AT5G05690";"AT1G70985"
"1130";NA;"AT4G23570";"AT4G01250"
"1131";NA;"AT3G60290";"AT1G74880"
"1132";NA;"AT5G44190";"AT5G66570"
"1133";NA;"AT2G47590";"AT1G74450"
"1134";NA;"AT5G44070";"AT4G03280"
"1135";NA;"AT4G16515";"AT2G04039"
"1136";NA;"AT4G29060";"AT2G36650"
"1137";NA;"AT3G04255";"AT4G19690"
"1138";NA;"AT1G30360";"AT5G58260"
"1139";NA;"AT2G22980";"AT5G01040"
"1140";NA;"AT5G14910";"AT5G02780"
"1141";NA;"AT4G38825";"AT2G45180"
"1142";NA;"AT3G46490";"AT3G14420"
"1143";NA;"AT2G36540";"AT5G13630"
"1144";NA;"AT4G17560";"AT5G43890"
"1145";NA;"AT4G39800";"AT1G42970"
"1146";NA;"AT1G53903";"AT2G35710"
"1147";NA;"AT5G43620";"AT5G01530"
"1148";NA;"AT1G56520";"AT4G39710"
"1149";NA;"AT1G12580";"AT4G25100"
"1150";NA;"AT1G51110";"AT4G25490"
"1151";NA;"AT5G14120";"AT1G32470"
"1152";NA;"AT1G35340";"AT5G57560"
"1153";NA;"AT1G53885";"AT5G64850"
"1154";NA;"AT2G34060";"AT1G77640"
"1155";NA;"AT3G56160";"AT3G22275"
"1156";NA;"AT1G29720";"AT4G35985"
"1157";NA;"AT3G54660";"AT5G47910"
"1158";NA;"AT1G65490";"AT2G26530"
"1159";NA;"AT1G72240";"AT1G69900"
"1160";NA;"AT1G11670";"AT5G58310"
"1161";NA;"ATMG00980";"AT4G27652"
"1162";NA;"AT2G46240";"AT2G45685"
"1163";NA;"AT5G46800";"AT3G14210"
"1164";NA;"AT5G19190";"AT4G04640"
"1165";NA;"AT3G48730";"AT3G55330"
"1166";NA;"AT2G21500";"AT1G66940"
"1167";NA;"AT2G46735";"AT4G22505"
"1168";NA;"AT1G04537";"AT3G46900"
"1169";NA;"AT1G21090";"AT5G22570"
"1170";NA;"AT2G14080";"AT4G08040"
"1171";NA;"AT5G46450";"AT2G41640"
"1172";NA;"AT2G29650";"AT1G03600"
"1173";NA;"AT2G40300";"AT3G04790"
"1174";NA;"AT2G15760";"AT1G68010"
"1175";NA;"AT1G79790";"AT4G23290"
"1176";NA;"AT5G62470";"AT4G01360"
"1177";NA;"AT2G30950";"AT2G01180"
"1178";NA;"AT1G03400";"AT5G24590"
"1179";NA;"AT1G17050";"AT3G16250"
"1180";NA;"AT4G03520";"AT5G66190"
"1181";NA;"AT1G51660";"AT1G75690"
"1182";NA;"AT2G47940";"AT3G52450"
"1183";NA;"AT4G35480";"AT3G50800"
"1184";NA;"AT1G05213";"AT4G15150"
"1185";NA;"AT1G03020";"AT4G39970"
"1186";NA;"AT2G28605";"AT5G42380"
"1187";NA;"AT2G17705";"AT3G10060"
"1188";NA;"AT4G11780";"AT4G24110"
"1189";NA;"AT5G06320";"AT3G54020"
"1190";NA;"AT1G72950";"AT2G41240"
"1191";NA;"AT1G34760";"AT1G20020"
"1192";NA;"AT5G49920";"AT4G04075"
"1193";NA;"AT2G41480";"AT2G18210"
"1194";NA;"AT5G15410";"AT4G32260"
"1195";NA;"AT2G07751";"AT2G20260"
"1196";NA;"AT1G62960";"AT1G72910"
"1197";NA;"AT5G46710";"AT1G75460"
"1198";NA;"AT2G25080";"AT4G25050"
"1199";NA;"AT1G15175";"AT1G79040"
"1200";NA;"AT5G46240";"AT5G62360"
"1201";NA;"AT3G62530";"AT3G55500"
"1202";NA;"AT5G38005";"AT4G22890"
"1203";NA;"AT3G54430";"AT1G68840"
"1204";NA;"AT5G58770";"AT4G35250"
"1205";NA;"AT5G08720";"AT1G32970"
"1206";NA;"AT3G02380";"AT5G13770"
"1207";NA;"AT5G58090";"AT5G45820"
"1208";NA;"AT1G77060";"AT2G42220"
"1209";NA;"AT3G52520";"AT5G47220"
"1210";NA;"AT2G35660";"AT1G11960"
"1211";NA;"AT5G27390";"AT5G66210"
"1212";NA;"AT2G42040";"AT5G45110"
"1213";NA;"AT5G35580";"AT3G14415"
"1214";NA;"AT5G62020";"AT5G04375"
"1215";NA;"AT1G63970";"AT4G28660"
"1216";NA;"AT3G26180";"AT3G46090"
"1217";NA;"AT1G02475";"AT5G67370"
"1218";NA;"AT2G29510";"AT5G64900"
"1219";NA;"AT1G67880";"AT3G57530"
"1220";NA;"AT2G42580";"AT5G12340"
"1221";NA;"AT1G73510";"AT3G21150"
"1222";NA;"AT1G29110";"AT3G26060"
"1223";NA;"AT4G00080";"AT1G20823"
"1224";NA;"AT1G27460";"AT3G01480"
"1225";NA;"AT4G08770";"AT3G05730"
"1226";NA;"AT1G64980";"AT2G28780"
"1227";NA;"AT2G23672";"AT1G56250"
"1228";NA;"AT4G24350";"AT4G28080"
"1229";NA;"AT3G63540";"AT5G43650"
"1230";NA;"AT3G59060";"AT3G19240"
"1231";NA;"AT1G71480";"AT4G24380"
"1232";NA;"ATMG00990";"AT5G02540"
"1233";NA;"AT1G24170";"AT3G23250"
"1234";NA;"AT3G17690";"AT5G09660"
"1235";NA;"AT5G60600";"AT3G11110"
"1236";NA;"AT4G00050";"AT1G20310"
"1237";NA;"AT1G18290";"AT4G21840"
"1238";NA;"AT5G39785";"AT4G24930"
"1239";NA;"AT4G20780";"AT5G19940"
"1240";NA;"AT1G02705";"AT3G52800"
"1241";NA;"AT2G18328";"AT4G32800"
"1242";NA;"AT1G19380";"AT2G22500"
"1243";NA;"AT3G05625";"AT1G32920"
"1244";NA;"AT1G64720";"AT5G02160"
"1245";NA;"AT2G22990";"AT5G45680"
"1246";NA;"AT2G24395";"AT4G22513"
"1247";NA;"AT3G61830";"AT2G17840"
"1248";NA;"AT5G40500";"AT3G12780"
"1249";NA;"AT2G24020";"AT5G07020"
"1250";NA;"AT1G09932";"AT4G22517"
"1251";NA;"AT1G08757";"AT4G01150"
"1252";NA;"AT5G57015";"AT3G59780"
"1253";NA;"AT2G02020";"AT5G63160"
"1254";NA;"AT4G29590";"AT2G27080"
"1255";NA;"AT5G44680";"AT2G35290"
"1256";NA;"AT1G54820";"AT1G77490"
"1257";NA;"AT3G17040";"AT4G26200"
"1258";NA;"AT1G33600";"AT3G56090"
"1259";NA;"AT5G14730";"AT2G36145"
"1260";NA;"AT5G56980";"AT4G33920"
"1261";NA;"AT4G11900";"AT1G03680"
"1262";NA;"AT4G21740";"AT3G62150"
"1263";NA;"AT4G16410";"AT3G19480"
"1264";NA;"AT1G58080";"AT1G65230"
"1265";NA;"AT3G57880";"AT1G76080"
"1266";NA;"AT5G09876";"AT4G22485"
"1267";NA;"AT1G19740";"AT5G36925"
"1268";NA;"AT1G26210";"AT1G11740"
"1269";NA;"AT1G80030";"AT1G11860"
"1270";NA;"AT2G08220";"AT2G01590"
"1271";NA;"AT3G60750";"AT2G26190"
"1272";NA;"AT2G47060";"AT1G54780"
"1273";NA;"ATCG00070";"AT1G24260"
"1274";NA;"AT5G35790";"AT5G02120"
"1275";NA;"AT3G25660";"AT4G27700"
"1276";NA;"AT3G01205";"AT2G13360"
"1277";NA;"AT2G31380";"AT3G48310"
"1278";NA;"AT1G58370";"AT5G17230"
"1279";NA;"AT4G37610";"AT1G75000"
"1280";NA;"AT2G06995";"AT2G32140"
"1281";NA;"AT5G28500";"AT1G21140"
"1282";NA;"AT1G32900";"AT1G44446"
"1283";NA;"AT3G47560";"AT1G22690"
"1284";NA;"AT5G24030";"AT4G17090"
"1285";NA;"AT5G49280";"AT1G05575"
"1286";NA;"AT3G07470";"AT1G52220"
"1287";NA;"AT2G01670";"AT1G61890"
"1288";NA;"AT3G06880";"AT1G34000"
"1289";NA;"AT2G04842";"AT1G74950"
"1290";NA;"AT4G33470";"AT4G01050"
"1291";NA;"AT2G43945";"AT2G01300"
"1292";NA;"AT3G25600";"AT1G02400"
"1293";NA;"AT3G21530";"AT2G41105"
"1294";NA;"AT2G43100";"AT2G41990"
"1295";NA;"AT5G27560";"AT1G70090"
"1296";NA;"AT5G41080";"AT5G47230"
"1297";NA;"AT5G39190";"AT5G39530"
"1298";NA;"AT4G27440";"AT1G04800"
"1299";NA;"AT4G34350";"AT3G61870"
"1300";NA;"AT4G39640";"AT1G18740"
"1301";NA;"AT3G16530";"AT3G04640"
"1302";NA;"AT4G00770";"AT4G27030"
"1303";NA;"AT4G00750";"AT5G13700"
"1304";NA;"AT3G58850";"AT3G55240"
"1305";NA;"AT5G12900";"AT1G79510"
"1306";NA;"AT5G42765";"AT5G19890"
"1307";NA;"AT3G47250";"AT5G52570"
"1308";NA;"AT1G16130";"AT5G35735"
"1309";NA;"AT5G13100";"AT1G49570"
"1310";NA;"AT3G47570";"AT2G27402"
"1311";NA;"AT5G67385";"AT1G70820"
"1312";NA;"AT2G43010";"AT1G59910"
"1313";NA;"AT1G09750";"AT5G43750"
"1314";NA;"AT4G26860";"AT2G02310"
"1315";NA;"AT2G48121";"AT3G56290"
"1316";NA;"AT4G25130";"AT5G17170"
"1317";NA;"AT2G38480";"AT4G19520"
"1318";NA;"AT5G14570";"AT1G21910"
"1319";NA;"AT1G14540";"AT4G13495"
"1320";NA;"AT3G55960";"AT1G75100"
"1321";NA;"AT5G07460";"AT1G62780"
"1322";NA;"AT2G46750";"AT1G17750"
"1323";NA;"AT5G55220";"AT4G22510"
"1324";NA;"AT4G37200";"AT1G73500"
"1325";NA;"AT4G14450";"AT1G16370"
"1326";NA;"AT2G14960";"AT3G17800"
"1327";NA;"AT1G11070";"AT2G33580"
"1328";NA;"AT1G32910";"AT1G28370"
"1329";NA;"AT2G19710";"AT5G63770"
"1330";NA;"AT5G19855";"AT5G35970"
"1331";NA;"AT1G62400";"AT2G30010"
"1332";NA;"AT4G12980";"AT1G25400"
"1333";NA;"AT4G04570";"AT1G23130"
"1334";NA;"AT1G17340";"AT5G19110"
"1335";NA;"AT4G01995";"AT1G71500"
"1336";NA;"AT4G15270";"AT4G02200"
"1337";NA;"AT2G21080";"AT5G42070"
"1338";NA;"AT5G52960";"AT3G21870"
"1339";NA;"AT4G31550";"AT5G58680"
"1340";NA;"AT4G31780";"AT5G19220"
"1341";NA;"AT1G76360";"AT4G20362"
"1342";NA;"AT5G66530";"AT5G16400"
"1343";NA;"AT4G32030";"AT5G51990"
"1344";NA;"AT5G58650";"AT4G22475"
"1345";NA;"AT4G15800";"AT4G23180"
"1346";NA;"AT1G66100";"AT1G64770"
"1347";NA;"AT5G14660";"AT1G69890"
"1348";NA;"AT3G07460";"AT4G18740"
"1349";NA;"AT5G63140";"AT1G70740"
"1350";NA;"AT1G44920";"AT1G67470"
"1351";NA;"AT4G31390";"AT5G08050"
"1352";NA;"AT1G05143";"AT5G54720"
"1353";NA;"AT5G42760";"AT1G51820"
"1354";NA;"AT1G15140";"AT3G25190"
"1355";NA;"AT1G07280";"AT1G22570"
"1356";NA;"AT2G39850";"AT1G72450"
"1357";NA;"AT1G19720";"AT4G09350"
"1358";NA;"AT3G62820";"AT1G19180"
"1359";NA;"AT1G07000";"AT2G27500"
"1360";NA;"AT5G47040";"AT4G22710"
"1361";NA;"AT2G42130";"AT2G46720"
"1362";NA;"AT5G22620";"AT3G62030"
"1363";NA;"AT1G14280";"AT2G35370"
"1364";NA;"AT4G13670";"AT1G23310"
"1365";NA;"AT2G27310";"AT5G01600"
"1366";NA;"AT4G28025";"AT4G01390"
"1367";NA;"AT3G15780";"AT1G66160"
"1368";NA;"AT5G65730";"AT1G44000"
"1369";NA;"AT2G04790";"AT3G28340"
"1370";NA;"AT3G58120";"AT1G74470"
"1371";NA;"AT4G30210";"AT1G08930"
"1372";NA;"AT1G74430";"AT2G26500"
"1373";NA;"AT3G22750";"AT3G19680"
"1374";NA;"AT5G64460";"AT5G08330"
"1375";NA;"AT2G28800";"AT3G56880"
"1376";NA;"AT2G23290";"AT1G13650"
"1377";NA;"AT1G21540";"AT1G52510"
"1378";NA;"AT1G06410";"AT2G05310"
"1379";NA;"AT1G01320";"AT1G27100"
"1380";NA;"AT4G18340";"AT1G43670"
"1381";NA;"AT2G21340";"AT3G07315"
"1382";NA;"AT1G31290";"AT3G28270"
"1383";NA;"AT2G46100";"AT3G52400"
"1384";NA;"AT3G49220";"AT1G67700"
"1385";NA;"AT5G63060";"ATCG01020"
"1386";NA;"AT5G08410";"AT1G26761"
"1387";NA;"AT5G48540";"AT1G10360"
"1388";NA;"AT3G11840";"AT1G28380"
"1389";NA;"AT2G32560";"AT3G53470"
"1390";NA;"AT5G36920";"AT3G26650"
"1391";NA;"AT3G44020";"AT1G78230"
"1392";NA;"AT5G41810";"AT1G50745"
"1393";NA;"AT4G02170";"AT5G54770"
"1394";NA;"AT4G37000";"AT3G15540"
"1395";NA;"AT4G30780";"AT3G46620"
"1396";NA;"AT5G43500";"AT3G49530"
"1397";NA;"AT4G27800";"AT4G17615"
"1398";NA;"AT1G31130";"AT2G35658"
"1399";NA;"AT3G28200";"ATCG00470"
"1400";NA;"AT2G37025";"AT5G27290"
"1401";NA;"AT3G12110";"AT1G29070"
"1402";NA;"AT4G36730";"AT2G30040"
"1403";NA;"AT1G03730";"AT1G24330"
"1404";NA;"AT2G46500";"AT5G46295"
"1405";NA;"AT1G47580";"AT1G07180"
"1406";NA;"AT2G45470";"AT2G25250"
"1407";NA;"AT1G74330";"AT1G61300"
"1408";NA;"AT1G50460";"AT1G62280"
"1409";NA;"AT4G00400";"AT4G36850"
"1410";NA;"AT5G03940";"AT1G79310"
"1411";NA;"AT1G17345";"AT1G16080"
"1412";NA;"AT5G46440";"AT4G01883"
"1413";NA;"AT5G42930";"AT4G36700"
"1414";NA;"AT2G20562";"AT1G03055"
"1415";NA;"AT5G39030";"AT5G12860"
"1416";NA;"AT1G68690";"AT3G55840"
"1417";NA;"AT5G64260";"AT5G59490"
"1418";NA;"AT3G49260";"AT5G58430"
"1419";NA;"AT5G39160";"AT4G22690"
"1420";NA;"AT1G21350";"AT5G49730"
"1421";NA;"AT4G30280";"AT3G12345"
"1422";NA;"AT1G50450";"AT5G54710"
"1423";NA;"AT1G74440";"AT1G32990"
"1424";NA;"AT3G15770";"AT2G38140"
"1425";NA;"AT4G15330";"AT3G59080"
"1426";NA;"AT1G18210";"AT3G18690"
"1427";NA;"AT3G48560";"AT1G50740"
"1428";NA;"AT5G48545";"AT5G46490"
"1429";NA;"AT5G22390";"AT3G15360"
"1430";NA;"AT1G49380";"AT4G21410"
"1431";NA;"AT5G59920";"AT4G02350"
"1432";NA;"AT5G24380";"AT3G15840"
"1433";NA;"AT2G27260";"AT1G58290"
"1434";NA;"AT2G43750";"AT1G72940"
"1435";NA;"AT3G16240";"AT2G43560"
"1436";NA;"AT4G39570";"AT2G40140"
"1437";NA;"AT5G55930";"AT1G74730"
"1438";NA;"AT1G31190";"AT1G45474"
"1439";NA;"AT3G10420";"AT2G43140"
"1440";NA;"AT5G01050";"AT3G44190"
"1441";NA;"AT1G27480";"AT5G26030"
"1442";NA;"AT4G09030";"AT2G14290"
"1443";NA;"AT1G56510";"AT4G21830"
"1444";NA;"AT4G24750";"AT5G64660"
"1445";NA;"AT4G33500";"AT4G36500"
"1446";NA;"AT1G19715";"AT2G41680"
"1447";NA;"AT4G10060";"AT4G18280"
"1448";NA;"AT4G10510";"AT2G24090"
"1449";NA;"AT5G26200";"AT3G10280"
"1450";NA;"AT5G58750";"AT3G62720"
"1451";NA;"AT1G11850";"AT5G38520"
"1452";NA;"AT1G53440";"AT1G29700"
"1453";NA;"AT2G35830";"AT2G15020"
"1454";NA;"AT4G34730";"AT1G50732"
"1455";NA;"AT1G11720";"AT4G25080"
"1456";NA;"AT1G51700";"AT5G59730"
"1457";NA;"AT5G33370";"AT1G16720"
"1458";NA;"AT2G35410";"AT1G03630"
"1459";NA;"AT5G19850";"AT2G36220"
"1460";NA;"AT5G06530";"AT4G11460"
"1461";NA;"AT5G23350";"AT2G40100"
"1462";NA;"AT3G62420";"AT4G17500"
"1463";NA;"AT5G45390";"AT5G64905"
"1464";NA;"AT1G55960";"AT3G49160"
"1465";NA;"AT1G67280";"AT5G23120"
"1466";NA;"AT3G27050";"AT3G27830"
"1467";NA;"AT1G15380";"AT4G27657"
"1468";NA;"AT5G24490";"AT1G32630"
"1469";NA;"AT1G21130";"AT5G51010"
"1470";NA;"AT5G10170";"AT1G04027"
"1471";NA;"AT5G39830";"AT2G42380"
"1472";NA;"AT4G26400";"AT1G32450"
"1473";NA;"AT3G18390";"AT1G72900"
"1474";NA;"AT4G25810";"AT5G61660"
"1475";NA;"AT2G32860";"AT2G37430"
"1476";NA;"AT4G00895";"AT3G28180"
"1477";NA;"AT5G12880";"AT5G51110"
"1478";NA;"AT3G09580";"AT3G14930"
"1479";NA;"AT1G07490";"AT5G61600"
"1480";NA;"AT3G07360";"AT3G19030"
"1481";NA;"AT4G12060";"AT3G54500"
"1482";NA;"AT2G04795";"AT4G29670"
"1483";NA;"AT1G08520";"AT5G53490"
"1484";NA;"AT1G49975";"AT4G17810"
"1485";NA;"AT4G12320";"AT1G50320"
"1486";NA;"AT5G04490";"AT1G01790"
"1487";NA;"AT4G33560";"AT3G15850"
"1488";NA;"AT5G03520";"AT3G56910"
"1489";NA;"AT5G05190";"AT4G37260"
"1490";NA;"AT3G23730";"AT4G06195"
"1491";NA;"AT3G45160";"AT1G56190"
"1492";NA;"AT1G01990";"AT3G23170"
"1493";NA;"AT2G22230";"AT1G73550"
"1494";NA;"AT4G24370";"AT3G27160"
"1495";NA;"AT4G30140";"AT4G18197"
"1496";NA;"AT2G06050";"AT2G34510"
"1497";NA;"AT3G29370";"AT4G23890"
"1498";NA;"AT4G22830";"AT4G02530"
"1499";NA;"AT1G53430";"AT4G16990"
"1500";NA;"AT2G30170";"AT3G14200"
"1501";NA;"AT2G46830";"AT5G59750"
"1502";NA;"AT3G45970";"AT5G45070"
"1503";NA;"AT2G30990";"AT4G37710"
"1504";NA;"AT5G18150";"AT1G32220"
"1505";NA;"AT3G53460";"AT2G42750"
"1506";NA;"AT3G15900";"AT3G25250"
"1507";NA;"AT5G42310";"AT3G11820"
"1508";NA;"AT2G25840";"AT4G24770"
"1509";NA;"AT1G07010";"AT1G72930"
"1510";NA;"AT2G22540";"AT4G39890"
"1511";NA;"AT1G66130";"AT4G13340"
"1512";NA;"AT5G16390";"AT1G23740"
"1513";NA;"AT1G24148";"AT3G09940"
"1514";NA;"AT4G11175";"AT5G44350"
"1515";NA;"AT5G38980";"AT2G47450"
"1516";NA;"AT5G57040";"AT3G54900"
"1517";NA;NA;"AT3G26570"
"1518";NA;NA;"AT1G02810"
"1519";NA;NA;"AT5G10100"
"1520";NA;NA;"AT2G26080"
"1521";NA;NA;"AT3G54810"
"1522";NA;NA;"AT1G33811"
"1523";NA;NA;"AT1G77090"
"1524";NA;NA;"AT2G20570"
"1525";NA;NA;"AT1G52120"
"1526";NA;NA;"AT1G73110"
"1527";NA;NA;"AT1G52290"
"1528";NA;NA;"AT4G22490"
"1529";NA;NA;"AT1G68590"
"1530";NA;NA;"AT3G24520"
"1531";NA;NA;"AT5G06980"
"1532";NA;NA;"AT1G78070"
"1533";NA;NA;"AT4G31800"
"1534";NA;NA;"AT3G62260"
"1535";NA;NA;"AT5G04140"
"1536";NA;NA;"AT2G33450"
"1537";NA;NA;"AT3G23230"
"1538";NA;NA;"AT1G59740"
"1539";NA;NA;"AT1G62750"
"1540";NA;NA;"AT3G05320"
"1541";NA;NA;"AT5G57345"
"1542";NA;NA;"AT5G01710"
"1543";NA;NA;"AT5G43170"
"1544";NA;NA;"AT3G57450"
"1545";NA;NA;"AT5G40450"
"1546";NA;NA;"AT5G54490"
"1547";NA;NA;"AT4G18480"
"1548";NA;NA;"AT1G32928"
"1549";NA;NA;"AT1G74670"
"1550";NA;NA;"AT2G42975"
"1551";NA;NA;"AT3G27850"
"1552";NA;NA;"AT1G02660"
"1553";NA;NA;"AT3G54000"
"1554";NA;NA;"AT5G64310"
"1555";NA;NA;"AT3G51450"
"1556";NA;NA;"AT5G13510"
"1557";NA;NA;"AT3G61640"
"1558";NA;NA;"AT5G66650"
"1559";NA;NA;"AT2G44920"
"1560";NA;NA;"AT4G12720"
"1561";NA;NA;"AT5G52882"
"1562";NA;NA;"AT2G47560"
"1563";NA;NA;"AT5G10750"
"1564";NA;NA;"AT5G18660"
"1565";NA;NA;"AT1G22470"
"1566";NA;NA;"AT3G06750"
"1567";NA;NA;"AT5G64870"
"1568";NA;NA;"AT5G44130"
"1569";NA;NA;"AT2G20835"
"1570";NA;NA;"AT3G54210"
"1571";NA;NA;"AT3G47650"
"1572";NA;NA;"AT3G50685"
"1573";NA;NA;"AT5G37770"
"1574";NA;NA;"AT3G55950"
"1575";NA;NA;"AT2G23810"
"1576";NA;NA;"AT1G29690"
"1577";NA;NA;"AT2G36690"
"1578";NA;NA;"AT3G63410"
"1579";NA;NA;"AT5G01100"
"1580";NA;NA;"AT1G68520"
"1581";NA;NA;"AT5G56850"
"1582";NA;NA;"AT1G15830"
"1583";NA;NA;"AT2G32550"
"1584";NA;NA;"AT5G64940"
"1585";NA;NA;"AT4G17600"
"1586";NA;NA;"AT1G22630"
"1587";NA;NA;"AT2G05620"
"1588";NA;NA;"AT1G07320"
"1589";NA;NA;"AT1G18570"
"1590";NA;NA;"AT1G74070"
"1591";NA;NA;"AT2G21280"
"1592";NA;NA;"AT2G23170"
"1593";NA;NA;"AT5G37360"
"1594";NA;NA;"AT1G78280"
"1595";NA;NA;"AT5G65300"
"1596";NA;NA;"AT2G32500"
"1597";NA;NA;"AT4G34190"
"1598";NA;NA;"AT1G55450"
"1599";NA;NA;"AT1G73080"
"1600";NA;NA;"AT1G56500"
"1601";NA;NA;"AT1G11050"
"1602";NA;NA;"AT1G75350"
"1603";NA;NA;"AT1G35210"
"1604";NA;NA;"AT1G27770"
"1605";NA;NA;"AT3G25655"
"1606";NA;NA;"AT2G21530"
"1607";NA;NA;"AT2G21170"
"1608";NA;NA;"AT4G01535"
"1609";NA;NA;"AT2G23600"
"1610";NA;NA;"AT3G56650"
"1611";NA;NA;"AT1G66500"
"1612";NA;NA;"AT1G76450"
"1613";NA;NA;"AT5G16360"
"1614";NA;NA;"AT1G64680"
"1615";NA;NA;"AT1G13609"
"1616";NA;NA;"AT1G65486"
"1617";NA;NA;"AT2G32030"
"1618";NA;NA;"AT3G54200"
"1619";NA;NA;"AT1G22590"
"1620";NA;NA;"AT3G01060"
"1621";NA;NA;"AT1G57980"
"1622";NA;NA;"AT4G14540"
"1623";NA;NA;"AT5G40950"
"1624";NA;NA;"AT5G16030"
"1625";NA;NA;"AT4G34390"
"1626";NA;NA;"AT1G30520"
"1627";NA;NA;"AT5G59550"
"1628";NA;NA;"AT1G18060"
"1629";NA;NA;"AT5G67300"
"1630";NA;NA;"AT3G23700"
"1631";NA;NA;"AT1G72640"
"1632";NA;NA;"AT1G22810"
"1633";NA;NA;"AT5G17670"
"1634";NA;NA;"AT1G37130"
"1635";NA;NA;"AT4G10300"
"1636";NA;NA;"AT3G25400"
"1637";NA;NA;"AT3G19800"
"1638";NA;NA;"AT5G65010"
"1639";NA;NA;"AT5G46110"
"1640";NA;NA;"AT5G41750"
"1641";NA;NA;"AT1G74970"
"1642";NA;NA;"AT3G06020"
"1643";NA;NA;"AT3G56790"
"1644";NA;NA;"AT2G39650"
"1645";NA;NA;"AT1G16880"
"1646";NA;NA;"AT2G35260"
"1647";NA;NA;"AT1G73655"
"1648";NA;NA;"AT3G18710"
"1649";NA;NA;"AT3G13610"
"1650";NA;NA;"AT3G15520"
"1651";NA;NA;"AT5G47590"
"1652";NA;NA;"AT5G66070"
"1653";NA;NA;"AT1G68190"
"1654";NA;NA;"AT2G33800"
"1655";NA;NA;"AT5G44050"
"1656";NA;NA;"AT3G15190"
"1657";NA;NA;"AT5G38660"
"1658";NA;NA;"AT4G23810"
"1659";NA;NA;"AT1G17380"
"1660";NA;NA;"AT5G51180"
"1661";NA;NA;"AT2G31880"
"1662";NA;NA;"AT2G40270"
"1663";NA;NA;"AT5G14060"
"1664";NA;NA;"AT5G16200"
"1665";NA;NA;"AT5G35525"
"1666";NA;NA;"AT2G05940"
"1667";NA;NA;"AT5G13190"
"1668";NA;NA;"AT3G24430"
"1669";NA;NA;"AT5G61410"
"1670";NA;NA;"AT3G27210"
"1671";NA;NA;"AT1G31540"
"1672";NA;NA;"AT5G28750"
"1673";NA;NA;"AT5G24070"
"1674";NA;NA;"AT2G27680"
"1675";NA;NA;"AT5G52970"
"1676";NA;NA;"AT1G16510"
"1677";NA;NA;"AT3G19580"
"1678";NA;NA;"AT5G38990"
"1679";NA;NA;"AT3G25920"
"1680";NA;NA;"AT2G26380"
"1681";NA;NA;"AT4G28085"
"1682";NA;NA;"AT5G64840"
"1683";NA;NA;"AT4G18010"
"1684";NA;NA;"AT2G26975"
"1685";NA;NA;"AT3G53600"
"1686";NA;NA;"AT3G55040"
"1687";NA;NA;"AT1G17620"
"1688";NA;NA;"AT2G48070"
"1689";NA;NA;"AT5G09980"
"1690";NA;NA;"AT1G50900"
"1691";NA;NA;"AT5G50950"
"1692";NA;NA;"AT2G43920"
"1693";NA;NA;"AT2G03710"
"1694";NA;NA;"AT4G18220"
"1695";NA;NA;"AT4G25700"
"1696";NA;NA;"AT5G48485"
"1697";NA;NA;"AT4G24340"
"1698";NA;NA;"AT2G37220"
"1699";NA;NA;"AT5G66675"
"1700";NA;NA;"AT1G64510"
"1701";NA;NA;"AT5G20935"
"1702";NA;NA;"AT2G40000"
"1703";NA;NA;"AT3G08720"
"1704";NA;NA;"AT4G30950"
"1705";NA;NA;"AT3G43190"
"1706";NA;NA;"AT2G35637"
"1707";NA;NA;"AT1G64150"
"1708";NA;NA;"AT3G17330"
"1709";NA;NA;"AT3G15356"
"1710";NA;NA;"AT5G26770"
"1711";NA;NA;"AT5G58120"
"1712";NA;NA;"AT1G80380"
"1713";NA;NA;"AT4G18810"
"1714";NA;NA;"AT4G01310"
"1715";NA;NA;"AT4G36950"
"1716";NA;NA;"AT4G15560"
"1717";NA;NA;"AT3G23400"
"1718";NA;NA;"AT3G19850"
"1719";NA;NA;"AT2G21140"
"1720";NA;NA;"AT4G13572"
"1721";NA;NA;"AT1G09070"
"1722";NA;NA;"AT1G35680"
"1723";NA;NA;"AT1G43560"
"1724";NA;NA;"AT3G05370"
"1725";NA;NA;"AT5G13720"
"1726";NA;NA;"AT2G28210"
"1727";NA;NA;"AT3G15760"
"1728";NA;NA;"AT3G14260"
"1729";NA;NA;"AT5G28770"
"1730";NA;NA;"AT3G14770"
"1731";NA;NA;"AT1G63090"
"1732";NA;NA;"AT3G46630"
"1733";NA;NA;"AT4G03875"
"1734";NA;NA;"AT2G27290"
"1735";NA;NA;"AT1G71400"
"1736";NA;NA;"AT5G35170"
"1737";NA;NA;"AT5G39210"
"1738";NA;NA;"AT4G30440"
"1739";NA;NA;"AT5G47190"
"1740";NA;NA;"AT3G25690"
"1741";NA;NA;"AT4G17460"
"1742";NA;NA;"AT4G17250"
"1743";NA;NA;"AT4G05275"
"1744";NA;NA;"AT1G18193"
"1745";NA;NA;"AT4G32020"
"1746";NA;NA;"AT3G08920"
"1747";NA;NA;"AT1G61470"
"1748";NA;NA;"ATCG00480"
"1749";NA;NA;"AT1G02390"
"1750";NA;NA;"AT5G05440"
"1751";NA;NA;"AT1G59730"
"1752";NA;NA;"AT5G15130"
"1753";NA;NA;"AT2G20890"
"1754";NA;NA;"AT4G35783"
"1755";NA;NA;"AT3G06145"
"1756";NA;NA;"AT4G24972"
"1757";NA;NA;"AT3G17185"
"1758";NA;NA;"AT3G12820"
"1759";NA;NA;"AT2G34460"
"1760";NA;NA;"AT1G03870"
"1761";NA;NA;"AT3G61400"
"1762";NA;NA;"AT1G13260"
"1763";NA;NA;"AT4G14870"
"1764";NA;NA;"AT2G34860"
"1765";NA;NA;"AT2G23130"
"1766";NA;NA;"AT3G54830"
"1767";NA;NA;"AT4G28030"
"1768";NA;NA;"AT1G32200"
"1769";NA;NA;"AT4G23515"
"1770";NA;NA;"AT3G44890"
"1771";NA;NA;"AT3G46530"
"1772";NA;NA;"AT4G17230"
"1773";NA;NA;"AT3G16720"
"1774";NA;NA;"AT4G34090"
"1775";NA;NA;"AT1G35350"
"1776";NA;NA;"AT4G21210"
"1777";NA;NA;"AT1G04420"
"1778";NA;NA;"AT3G22830"
"1779";NA;NA;"AT2G24850"
"1780";NA;NA;"AT4G01540"
"1781";NA;NA;"AT5G42270"
"1782";NA;NA;"AT4G24700"
"1783";NA;NA;"AT1G14480"
"1784";NA;NA;"AT5G17870"
"1785";NA;NA;"AT4G15393"
"1786";NA;NA;"AT1G66970"
"1787";NA;NA;"AT4G18370"
"1788";NA;NA;"AT1G22850"
"1789";NA;NA;"AT2G03750"
"1790";NA;NA;"AT4G02130"
"1791";NA;NA;"AT5G13120"
"1792";NA;NA;"AT2G30766"
"1793";NA;NA;"AT2G29300"
"1794";NA;NA;"AT3G09830"
"1795";NA;NA;"AT5G04230"
"1796";NA;NA;"AT5G44060"
"1797";NA;NA;"AT1G22330"
"1798";NA;NA;"AT1G01140"
"1799";NA;NA;"AT2G21120"
"1800";NA;NA;"AT1G07520"
"1801";NA;NA;"AT1G10960"
"1802";NA;NA;"AT1G15010"
"1803";NA;NA;"AT2G37660"
"1804";NA;NA;"AT3G52150"
"1805";NA;NA;"AT5G38940"
"1806";NA;NA;"AT3G63490"
"1807";NA;NA;"AT1G65190"
"1808";NA;NA;"AT1G17650"
"1809";NA;NA;"AT5G21920"
"1810";NA;NA;"AT2G33330"
"1811";NA;NA;"AT1G64860"
"1812";NA;NA;"AT3G47960"
"1813";NA;NA;"AT2G05812"
"1814";NA;NA;"AT5G08280"
"1815";NA;NA;"AT1G15825"
"1816";NA;NA;"AT4G15510"
"1817";NA;NA;"AT3G52380"
"1818";NA;NA;"AT1G53520"
"1819";NA;NA;"AT1G76110"
"1820";NA;NA;"AT3G53800"
"1821";NA;NA;"AT5G62670"
"1822";NA;NA;"AT2G35960"
"1823";NA;NA;"AT4G35655"
"1824";NA;NA;"AT5G14320"
"1825";NA;NA;"AT4G04223"
"1826";NA;NA;"AT1G52830"
"1827";NA;NA;"AT3G11945"
"1828";NA;NA;"AT1G77760"
"1829";NA;NA;"AT3G12830"
"1830";NA;NA;"AT1G26218"
"1831";NA;NA;"AT1G78915"
"1832";NA;NA;"AT4G32590"
"1833";NA;NA;"AT3G11170"
"1834";NA;NA;"AT4G19830"
"1835";NA;NA;"AT5G22690"
"1836";NA;NA;"AT4G25290"
"1837";NA;NA;"AT5G38930"
"1838";NA;NA;"AT5G35100"
"1839";NA;NA;"AT5G14970"
"1840";NA;NA;"AT1G23710"
"1841";NA;NA;"AT3G63190"
"1842";NA;NA;"AT1G74310"
"1843";NA;NA;"AT5G05580"
"1844";NA;NA;"AT1G65800"
"1845";NA;NA;"AT2G41100"
"1846";NA;NA;"AT5G54600"
"1847";NA;NA;"AT4G36710"
"1848";NA;NA;"AT5G52100"
"1849";NA;NA;"AT1G68830"
"1850";NA;NA;"AT1G05190"
"1851";NA;NA;"AT1G58602"
"1852";NA;NA;"AT5G16710"
"1853";NA;NA;"AT5G48300"
"1854";NA;NA;"AT5G14260"
"1855";NA;NA;"AT5G20140"
"1856";NA;NA;"AT4G01090"
"1857";NA;NA;"AT2G17230"
"1858";NA;NA;"AT1G63860"
"1859";NA;NA;"AT4G37240"
"1860";NA;NA;"ATCG00940"
"1861";NA;NA;"AT4G10120"
"1862";NA;NA;"AT2G41230"
"1863";NA;NA;"AT5G46270"
"1864";NA;NA;"AT3G24550"
"1865";NA;NA;"AT1G44830"
"1866";NA;NA;"AT4G36570"
"1867";NA;NA;"AT3G63350"
"1868";NA;NA;"AT2G22870"
"1869";NA;NA;"AT5G67030"
"1870";NA;NA;"AT3G06890"
"1871";NA;NA;"ATCG01190"
"1872";NA;NA;"AT1G33610"
"1873";NA;NA;"AT2G47400"
"1874";NA;NA;"AT2G14247"
"1875";NA;NA;"AT1G05207"
"1876";NA;NA;"AT3G02140"
"1877";NA;NA;"AT5G13410"
"1878";NA;NA;"AT4G38550"
"1879";NA;NA;"AT2G42600"
"1880";NA;NA;"AT1G50020"
"1881";NA;NA;"AT1G01080"
"1882";NA;NA;"AT5G03355"
"1883";NA;NA;"AT5G36120"
"1884";NA;NA;"AT1G65260"
"1885";NA;NA;"AT4G24160"
"1886";NA;NA;"AT2G23100"
"1887";NA;NA;"AT2G41120"
"1888";NA;NA;"AT1G73060"
"1889";NA;NA;"AT2G41560"
"1890";NA;NA;"AT4G36530"
"1891";NA;NA;"AT3G13120"
"1892";NA;NA;"AT5G44870"
"1893";NA;NA;"AT2G40490"
"1894";NA;NA;"AT1G22530"
"1895";NA;NA;"AT1G31800"
"1896";NA;NA;"AT5G64290"
"1897";NA;NA;"AT3G55430"
"1898";NA;NA;"AT1G17220"
"1899";NA;NA;"AT3G57930"
"1900";NA;NA;"AT5G08150"
"1901";NA;NA;"AT1G72790"
"1902";NA;NA;"AT3G26710"
"1903";NA;NA;"AT4G16980"
"1904";NA;NA;"AT3G22210"
"1905";NA;NA;"AT5G08790"
"1906";NA;NA;"AT3G10520"
"1907";NA;NA;"AT1G56140"
"1908";NA;NA;"AT4G22610"
"1909";NA;NA;"AT3G51970"
"1910";NA;NA;"AT5G55570"
"1911";NA;NA;"AT1G54500"
"1912";NA;NA;"AT5G13220"
"1913";NA;NA;"AT4G36550"
"1914";NA;NA;"AT5G21930"
"1915";NA;NA;"AT1G53670"
"1916";NA;NA;"AT1G68238"
"1917";NA;NA;"AT1G47130"
"1918";NA;NA;"AT3G12320"
"1919";NA;NA;"AT5G03204"
"1920";NA;NA;"AT4G13493"
"1921";NA;NA;"AT2G42690"
"1922";NA;NA;"AT5G63130"
"1923";NA;NA;"AT2G45760"
"1924";NA;NA;"AT1G63360"
"1925";NA;NA;"AT2G22190"
"1926";NA;NA;"AT1G50250"
"1927";NA;NA;"AT1G12250"
"1928";NA;NA;"AT2G46330"
"1929";NA;NA;"AT2G42770"
"1930";NA;NA;"AT4G21445"
"1931";NA;NA;"AT2G21385"
"1932";NA;NA;"AT2G38310"
"1933";NA;NA;"AT5G67310"
"1934";NA;NA;"AT1G61190"
"1935";NA;NA;"AT3G51820"
"1936";NA;NA;"AT1G32550"
"1937";NA;NA;"AT1G78020"
"1938";NA;NA;"AT4G26555"
"1939";NA;NA;"AT5G03880"
"1940";NA;NA;"AT2G32200"
"1941";NA;NA;"AT1G09940"
"1942";NA;NA;"AT2G28630"
"1943";NA;NA;"AT5G63790"
"1944";NA;NA;"AT2G27389"
"1945";NA;NA;"AT5G52440"
"1946";NA;NA;"AT4G38420"
"1947";NA;NA;"AT5G41100"
"1948";NA;NA;"AT2G43030"
"1949";NA;NA;"AT2G16380"
"1950";NA;NA;"AT1G58420"
"1951";NA;NA;"AT2G21510"
"1952";NA;NA;"AT2G44500"
"1953";NA;NA;"AT3G44630"
"1954";NA;NA;"AT2G47240"
"1955";NA;NA;"AT1G18170"
"1956";NA;NA;"AT5G08650"
"1957";NA;NA;"AT1G03475"
"1958";NA;NA;"AT5G54380"
"1959";NA;NA;"AT3G55630"
"1960";NA;NA;"AT3G11700"
"1961";NA;NA;"AT1G78630"
"1962";NA;NA;"AT4G09160"
"1963";NA;NA;"AT3G16000"
"1964";NA;NA;"AT2G25625"
"1965";NA;NA;"AT5G07240"
"1966";NA;NA;"AT5G10250"
"1967";NA;NA;"AT5G49740"
"1968";NA;NA;"AT3G15210"
"1969";NA;NA;"AT5G59250"
"1970";NA;NA;"AT1G13210"
"1971";NA;NA;"AT3G22420"
"1972";NA;NA;"AT3G02585"
"1973";NA;NA;"AT2G47750"
"1974";NA;NA;"AT5G12050"
"1975";NA;NA;"AT5G57170"
"1976";NA;NA;"AT2G04700"
"1977";NA;NA;"AT3G14870"
"1978";NA;NA;"AT3G27925"
"1979";NA;NA;"AT1G53635"
"1980";NA;NA;"AT3G50790"
"1981";NA;NA;"AT3G08740"
"1982";NA;NA;"AT4G02410"
"1983";NA;NA;"AT5G58250"
"1984";NA;NA;"AT5G30510"
"1985";NA;NA;"AT2G20920"
"1986";NA;NA;"AT5G48570"
"1987";NA;NA;"AT1G48350"
"1988";NA;NA;"AT1G55370"
"1989";NA;NA;"AT2G40400"
"1990";NA;NA;"AT2G45820"
"1991";NA;NA;"ATCG00190"
"1992";NA;NA;"AT1G19020"
"1993";NA;NA;"AT5G39670"
"1994";NA;NA;"AT2G33570"
"1995";NA;NA;"AT5G11650"
"1996";NA;NA;"AT2G31040"
"1997";NA;NA;"AT5G51020"
"1998";NA;NA;"AT1G20810"
"1999";NA;NA;"AT1G05675"
"2000";NA;NA;"AT5G42650"
"2001";NA;NA;"AT4G06115"
"2002";NA;NA;"AT5G63310"
"2003";NA;NA;"AT2G32540"
"2004";NA;NA;"AT2G21960"
"2005";NA;NA;"AT3G06070"
"2006";NA;NA;"AT1G64500"
"2007";NA;NA;"AT1G08540"
"2008";NA;NA;"AT4G13575"
"2009";NA;NA;"AT4G12917"
"2010";NA;NA;"AT4G02920"
"2011";NA;NA;"AT4G25390"
"2012";NA;NA;"AT1G06690"
"2013";NA;NA;"AT1G24530"
"2014";NA;NA;"AT2G27420"
"2015";NA;NA;"AT5G65220"
"2016";NA;NA;"AT2G40330"
"2017";NA;NA;"AT3G48320"
"2018";NA;NA;"AT5G19250"
"2019";NA;NA;"AT1G52190"
"2020";NA;NA;"AT1G06830"
"2021";NA;NA;"AT1G59870"
"2022";NA;NA;"AT4G30390"
"2023";NA;NA;"AT4G26260"
"2024";NA;NA;"AT4G27520"
"2025";NA;NA;"AT2G09225"
"2026";NA;NA;"AT3G05200"
"2027";NA;NA;"AT3G19200"
"2028";NA;NA;"AT3G15110"
"2029";NA;NA;"AT4G01330"
"2030";NA;NA;"AT4G26690"
"2031";NA;NA;"AT5G21960"
"2032";NA;NA;"AT2G34930"
"2033";NA;NA;"AT5G25930"
"2034";NA;NA;"AT5G39580"
"2035";NA;NA;"AT5G62865"
"2036";NA;NA;"AT5G45930"
"2037";NA;NA;"AT5G66900"
"2038";NA;NA;"AT1G63880"
"2039";NA;NA;"AT1G26730"
"2040";NA;NA;"AT3G56410"
"2041";NA;NA;"AT3G22142"
"2042";NA;NA;"AT2G18690"
"2043";NA;NA;"AT3G51510"
"2044";NA;NA;"AT1G49130"
"2045";NA;NA;"AT1G11750"
"2046";NA;NA;"AT2G33850"
"2047";NA;NA;"AT5G19100"
"2048";NA;NA;"AT2G01918"
"2049";NA;NA;"AT3G05900"
"2050";NA;NA;"AT4G01690"
"2051";NA;NA;"AT3G14810"
"2052";NA;NA;"AT4G28706"
"2053";NA;NA;"AT5G03650"
"2054";NA;NA;"AT4G37850"
"2055";NA;NA;"AT1G15960"
"2056";NA;NA;"AT3G25780"
"2057";NA;NA;"AT5G16830"
"2058";NA;NA;"AT4G15975"
"2059";NA;NA;"AT5G47840"
"2060";NA;NA;"AT1G72645"
"2061";NA;NA;"AT2G07675"
"2062";NA;NA;"AT5G05690"
"2063";NA;NA;"AT4G23570"
"2064";NA;NA;"AT3G60290"
"2065";NA;NA;"AT5G44190"
"2066";NA;NA;"AT2G47590"
"2067";NA;NA;"AT5G44070"
"2068";NA;NA;"AT4G16515"
"2069";NA;NA;"AT4G29060"
"2070";NA;NA;"AT3G04255"
"2071";NA;NA;"AT1G30360"
"2072";NA;NA;"AT2G22980"
"2073";NA;NA;"AT5G14910"
"2074";NA;NA;"AT4G38825"
"2075";NA;NA;"AT3G46490"
"2076";NA;NA;"AT2G36540"
"2077";NA;NA;"AT4G17560"
"2078";NA;NA;"AT4G39800"
"2079";NA;NA;"AT1G53903"
"2080";NA;NA;"AT5G43620"
"2081";NA;NA;"AT1G56520"
"2082";NA;NA;"AT1G12580"
"2083";NA;NA;"AT1G51110"
"2084";NA;NA;"AT5G14120"
"2085";NA;NA;"AT1G35340"
"2086";NA;NA;"AT1G53885"
"2087";NA;NA;"AT2G34060"
"2088";NA;NA;"AT3G56160"
"2089";NA;NA;"AT1G29720"
"2090";NA;NA;"AT3G54660"
"2091";NA;NA;"AT1G65490"
"2092";NA;NA;"AT1G72240"
"2093";NA;NA;"AT1G11670"
"2094";NA;NA;"ATMG00980"
"2095";NA;NA;"AT2G46240"
"2096";NA;NA;"AT5G46800"
"2097";NA;NA;"AT5G19190"
"2098";NA;NA;"AT3G48730"
"2099";NA;NA;"AT2G21500"
"2100";NA;NA;"AT2G46735"
"2101";NA;NA;"AT1G04537"
"2102";NA;NA;"AT1G21090"
"2103";NA;NA;"AT2G14080"
"2104";NA;NA;"AT5G46450"
"2105";NA;NA;"AT2G29650"
"2106";NA;NA;"AT2G40300"
"2107";NA;NA;"AT2G15760"
"2108";NA;NA;"AT1G79790"
"2109";NA;NA;"AT5G62470"
"2110";NA;NA;"AT2G30950"
"2111";NA;NA;"AT1G03400"
"2112";NA;NA;"AT1G17050"
"2113";NA;NA;"AT4G03520"
"2114";NA;NA;"AT1G51660"
"2115";NA;NA;"AT2G47940"
"2116";NA;NA;"AT4G35480"
"2117";NA;NA;"AT1G05213"
"2118";NA;NA;"AT1G03020"
"2119";NA;NA;"AT2G28605"
"2120";NA;NA;"AT2G17705"
"2121";NA;NA;"AT4G11780"
"2122";NA;NA;"AT5G06320"
"2123";NA;NA;"AT1G72950"
"2124";NA;NA;"AT1G34760"
"2125";NA;NA;"AT5G49920"
"2126";NA;NA;"AT2G41480"
"2127";NA;NA;"AT5G15410"
"2128";NA;NA;"AT2G07751"
"2129";NA;NA;"AT1G62960"
"2130";NA;NA;"AT5G46710"
"2131";NA;NA;"AT2G25080"
"2132";NA;NA;"AT1G15175"
"2133";NA;NA;"AT5G46240"
"2134";NA;NA;"AT3G62530"
"2135";NA;NA;"AT5G38005"
"2136";NA;NA;"AT3G54430"
"2137";NA;NA;"AT5G58770"
"2138";NA;NA;"AT5G08720"
"2139";NA;NA;"AT3G02380"
"2140";NA;NA;"AT5G58090"
"2141";NA;NA;"AT1G77060"
"2142";NA;NA;"AT3G52520"
"2143";NA;NA;"AT2G35660"
"2144";NA;NA;"AT5G27390"
"2145";NA;NA;"AT2G42040"
"2146";NA;NA;"AT5G35580"
"2147";NA;NA;"AT5G62020"
"2148";NA;NA;"AT1G63970"
"2149";NA;NA;"AT3G26180"
"2150";NA;NA;"AT1G02475"
"2151";NA;NA;"AT2G29510"
"2152";NA;NA;"AT1G67880"
"2153";NA;NA;"AT2G42580"
"2154";NA;NA;"AT1G73510"
"2155";NA;NA;"AT1G29110"
"2156";NA;NA;"AT4G00080"
"2157";NA;NA;"AT1G27460"
"2158";NA;NA;"AT4G08770"
"2159";NA;NA;"AT1G64980"
"2160";NA;NA;"AT2G23672"
"2161";NA;NA;"AT4G24350"
"2162";NA;NA;"AT3G63540"
"2163";NA;NA;"AT3G59060"
"2164";NA;NA;"AT1G71480"
"2165";NA;NA;"ATMG00990"
"2166";NA;NA;"AT1G24170"
"2167";NA;NA;"AT3G17690"
"2168";NA;NA;"AT5G60600"
"2169";NA;NA;"AT4G00050"
"2170";NA;NA;"AT1G18290"
"2171";NA;NA;"AT5G39785"
"2172";NA;NA;"AT4G20780"
"2173";NA;NA;"AT1G02705"
"2174";NA;NA;"AT2G18328"
"2175";NA;NA;"AT1G19380"
"2176";NA;NA;"AT3G05625"
"2177";NA;NA;"AT1G64720"
"2178";NA;NA;"AT2G22990"
"2179";NA;NA;"AT2G24395"
"2180";NA;NA;"AT3G61830"
"2181";NA;NA;"AT5G40500"
"2182";NA;NA;"AT2G24020"
"2183";NA;NA;"AT1G09932"
"2184";NA;NA;"AT1G08757"
"2185";NA;NA;"AT5G57015"
"2186";NA;NA;"AT2G02020"
"2187";NA;NA;"AT4G29590"
"2188";NA;NA;"AT5G44680"
"2189";NA;NA;"AT1G54820"
"2190";NA;NA;"AT3G17040"
"2191";NA;NA;"AT1G33600"
"2192";NA;NA;"AT5G14730"
"2193";NA;NA;"AT5G56980"
"2194";NA;NA;"AT4G11900"
"2195";NA;NA;"AT4G21740"
"2196";NA;NA;"AT4G16410"
"2197";NA;NA;"AT1G58080"
"2198";NA;NA;"AT3G57880"
"2199";NA;NA;"AT5G09876"
"2200";NA;NA;"AT1G19740"
"2201";NA;NA;"AT1G26210"
"2202";NA;NA;"AT1G80030"
"2203";NA;NA;"AT2G08220"
"2204";NA;NA;"AT3G60750"
"2205";NA;NA;"AT2G47060"
"2206";NA;NA;"ATCG00070"
"2207";NA;NA;"AT5G35790"
"2208";NA;NA;"AT3G25660"
"2209";NA;NA;"AT3G01205"
"2210";NA;NA;"AT2G31380"
"2211";NA;NA;"AT1G58370"
"2212";NA;NA;"AT4G37610"
"2213";NA;NA;"AT2G06995"
"2214";NA;NA;"AT5G28500"
"2215";NA;NA;"AT1G32900"
"2216";NA;NA;"AT3G47560"
"2217";NA;NA;"AT5G24030"
"2218";NA;NA;"AT5G49280"
"2219";NA;NA;"AT3G07470"
"2220";NA;NA;"AT2G01670"
"2221";NA;NA;"AT3G06880"
"2222";NA;NA;"AT2G04842"
"2223";NA;NA;"AT4G33470"
"2224";NA;NA;"AT2G43945"
"2225";NA;NA;"AT3G25600"
"2226";NA;NA;"AT3G21530"
"2227";NA;NA;"AT2G43100"
"2228";NA;NA;"AT5G27560"
"2229";NA;NA;"AT5G41080"
"2230";NA;NA;"AT5G39190"
"2231";NA;NA;"AT4G27440"
"2232";NA;NA;"AT4G34350"
"2233";NA;NA;"AT4G39640"
"2234";NA;NA;"AT3G16530"
"2235";NA;NA;"AT4G00770"
"2236";NA;NA;"AT4G00750"
"2237";NA;NA;"AT3G58850"
"2238";NA;NA;"AT5G12900"
"2239";NA;NA;"AT5G42765"
"2240";NA;NA;"AT3G47250"
"2241";NA;NA;"AT1G16130"
"2242";NA;NA;"AT5G13100"
"2243";NA;NA;"AT3G47570"
"2244";NA;NA;"AT5G67385"
"2245";NA;NA;"AT2G43010"
"2246";NA;NA;"AT1G09750"
"2247";NA;NA;"AT4G26860"
"2248";NA;NA;"AT2G48121"
"2249";NA;NA;"AT4G25130"
"2250";NA;NA;"AT2G38480"
"2251";NA;NA;"AT5G14570"
"2252";NA;NA;"AT1G14540"
"2253";NA;NA;"AT3G55960"
"2254";NA;NA;"AT5G07460"
"2255";NA;NA;"AT2G46750"
"2256";NA;NA;"AT5G55220"
"2257";NA;NA;"AT4G37200"
"2258";NA;NA;"AT4G14450"
"2259";NA;NA;"AT2G14960"
"2260";NA;NA;"AT1G11070"
"2261";NA;NA;"AT1G32910"
"2262";NA;NA;"AT2G19710"
"2263";NA;NA;"AT5G19855"
"2264";NA;NA;"AT1G62400"
"2265";NA;NA;"AT4G12980"
"2266";NA;NA;"AT4G04570"
"2267";NA;NA;"AT1G17340"
"2268";NA;NA;"AT4G01995"
"2269";NA;NA;"AT4G15270"
"2270";NA;NA;"AT2G21080"
"2271";NA;NA;"AT5G52960"
"2272";NA;NA;"AT4G31550"
"2273";NA;NA;"AT4G31780"
"2274";NA;NA;"AT1G76360"
"2275";NA;NA;"AT5G66530"
"2276";NA;NA;"AT4G32030"
"2277";NA;NA;"AT5G58650"
"2278";NA;NA;"AT4G15800"
"2279";NA;NA;"AT1G66100"
"2280";NA;NA;"AT5G14660"
"2281";NA;NA;"AT3G07460"
"2282";NA;NA;"AT5G63140"
"2283";NA;NA;"AT1G44920"
"2284";NA;NA;"AT4G31390"
"2285";NA;NA;"AT1G05143"
"2286";NA;NA;"AT5G42760"
"2287";NA;NA;"AT1G15140"
"2288";NA;NA;"AT1G07280"
"2289";NA;NA;"AT2G39850"
"2290";NA;NA;"AT1G19720"
"2291";NA;NA;"AT3G62820"
"2292";NA;NA;"AT1G07000"
"2293";NA;NA;"AT5G47040"
"2294";NA;NA;"AT2G42130"
"2295";NA;NA;"AT5G22620"
"2296";NA;NA;"AT1G14280"
"2297";NA;NA;"AT4G13670"
"2298";NA;NA;"AT2G27310"
"2299";NA;NA;"AT4G28025"
"2300";NA;NA;"AT3G15780"
"2301";NA;NA;"AT5G65730"
"2302";NA;NA;"AT2G04790"
"2303";NA;NA;"AT3G58120"
"2304";NA;NA;"AT4G30210"
"2305";NA;NA;"AT1G74430"
"2306";NA;NA;"AT3G22750"
"2307";NA;NA;"AT5G64460"
"2308";NA;NA;"AT2G28800"
"2309";NA;NA;"AT2G23290"
"2310";NA;NA;"AT1G21540"
"2311";NA;NA;"AT1G06410"
"2312";NA;NA;"AT1G01320"
"2313";NA;NA;"AT4G18340"
"2314";NA;NA;"AT2G21340"
"2315";NA;NA;"AT1G31290"
"2316";NA;NA;"AT2G46100"
"2317";NA;NA;"AT3G49220"
"2318";NA;NA;"AT5G63060"
"2319";NA;NA;"AT5G08410"
"2320";NA;NA;"AT5G48540"
"2321";NA;NA;"AT3G11840"
"2322";NA;NA;"AT2G32560"
"2323";NA;NA;"AT5G36920"
"2324";NA;NA;"AT3G44020"
"2325";NA;NA;"AT5G41810"
"2326";NA;NA;"AT4G02170"
"2327";NA;NA;"AT4G37000"
"2328";NA;NA;"AT4G30780"
"2329";NA;NA;"AT5G43500"
"2330";NA;NA;"AT4G27800"
"2331";NA;NA;"AT1G31130"
"2332";NA;NA;"AT3G28200"
"2333";NA;NA;"AT2G37025"
"2334";NA;NA;"AT3G12110"
"2335";NA;NA;"AT4G36730"
"2336";NA;NA;"AT1G03730"
"2337";NA;NA;"AT2G46500"
"2338";NA;NA;"AT1G47580"
"2339";NA;NA;"AT2G45470"
"2340";NA;NA;"AT1G74330"
"2341";NA;NA;"AT1G50460"
"2342";NA;NA;"AT4G00400"
"2343";NA;NA;"AT5G03940"
"2344";NA;NA;"AT1G17345"
"2345";NA;NA;"AT5G46440"
"2346";NA;NA;"AT5G42930"
"2347";NA;NA;"AT2G20562"
"2348";NA;NA;"AT5G39030"
"2349";NA;NA;"AT1G68690"
"2350";NA;NA;"AT5G64260"
"2351";NA;NA;"AT3G49260"
"2352";NA;NA;"AT5G39160"
"2353";NA;NA;"AT1G21350"
"2354";NA;NA;"AT4G30280"
"2355";NA;NA;"AT1G50450"
"2356";NA;NA;"AT1G74440"
"2357";NA;NA;"AT3G15770"
"2358";NA;NA;"AT4G15330"
"2359";NA;NA;"AT1G18210"
"2360";NA;NA;"AT3G48560"
"2361";NA;NA;"AT5G48545"
"2362";NA;NA;"AT5G22390"
"2363";NA;NA;"AT1G49380"
"2364";NA;NA;"AT5G59920"
"2365";NA;NA;"AT5G24380"
"2366";NA;NA;"AT2G27260"
"2367";NA;NA;"AT2G43750"
"2368";NA;NA;"AT3G16240"
"2369";NA;NA;"AT4G39570"
"2370";NA;NA;"AT5G55930"
"2371";NA;NA;"AT1G31190"
"2372";NA;NA;"AT3G10420"
"2373";NA;NA;"AT5G01050"
"2374";NA;NA;"AT1G27480"
"2375";NA;NA;"AT4G09030"
"2376";NA;NA;"AT1G56510"
"2377";NA;NA;"AT4G24750"
"2378";NA;NA;"AT4G33500"
"2379";NA;NA;"AT1G19715"
"2380";NA;NA;"AT4G10060"
"2381";NA;NA;"AT4G10510"
"2382";NA;NA;"AT5G26200"
"2383";NA;NA;"AT5G58750"
"2384";NA;NA;"AT1G11850"
"2385";NA;NA;"AT1G53440"
"2386";NA;NA;"AT2G35830"
"2387";NA;NA;"AT4G34730"
"2388";NA;NA;"AT1G11720"
"2389";NA;NA;"AT1G51700"
"2390";NA;NA;"AT5G33370"
"2391";NA;NA;"AT2G35410"
"2392";NA;NA;"AT5G19850"
"2393";NA;NA;"AT5G06530"
"2394";NA;NA;"AT5G23350"
"2395";NA;NA;"AT3G62420"
"2396";NA;NA;"AT5G45390"
"2397";NA;NA;"AT1G55960"
"2398";NA;NA;"AT1G67280"
"2399";NA;NA;"AT3G27050"
"2400";NA;NA;"AT1G15380"
"2401";NA;NA;"AT5G24490"
"2402";NA;NA;"AT1G21130"
"2403";NA;NA;"AT5G10170"
"2404";NA;NA;"AT5G39830"
"2405";NA;NA;"AT4G26400"
"2406";NA;NA;"AT3G18390"
"2407";NA;NA;"AT4G25810"
"2408";NA;NA;"AT2G32860"
"2409";NA;NA;"AT4G00895"
"2410";NA;NA;"AT5G12880"
"2411";NA;NA;"AT3G09580"
"2412";NA;NA;"AT1G07490"
"2413";NA;NA;"AT3G07360"
"2414";NA;NA;"AT4G12060"
"2415";NA;NA;"AT2G04795"
"2416";NA;NA;"AT1G08520"
"2417";NA;NA;"AT1G49975"
"2418";NA;NA;"AT4G12320"
"2419";NA;NA;"AT5G04490"
"2420";NA;NA;"AT4G33560"
"2421";NA;NA;"AT5G03520"
"2422";NA;NA;"AT5G05190"
"2423";NA;NA;"AT3G23730"
"2424";NA;NA;"AT3G45160"
"2425";NA;NA;"AT1G01990"
"2426";NA;NA;"AT2G22230"
"2427";NA;NA;"AT4G24370"
"2428";NA;NA;"AT4G30140"
"2429";NA;NA;"AT2G06050"
"2430";NA;NA;"AT3G29370"
"2431";NA;NA;"AT4G22830"
"2432";NA;NA;"AT1G53430"
"2433";NA;NA;"AT2G30170"
"2434";NA;NA;"AT2G46830"
"2435";NA;NA;"AT3G45970"
"2436";NA;NA;"AT2G30990"
"2437";NA;NA;"AT5G18150"
"2438";NA;NA;"AT3G53460"
"2439";NA;NA;"AT3G15900"
"2440";NA;NA;"AT5G42310"
"2441";NA;NA;"AT2G25840"
"2442";NA;NA;"AT1G07010"
"2443";NA;NA;"AT2G22540"
"2444";NA;NA;"AT1G66130"
"2445";NA;NA;"AT5G16390"
"2446";NA;NA;"AT1G24148"
"2447";NA;NA;"AT4G11175"
"2448";NA;NA;"AT5G38980"
"2449";NA;NA;"AT5G57040"
